tax_block,tax_lot,council_district,address,bldgclass,ownername,unitsres,bbl,borocode,issue_date,violation_type_code,violation_number,violation_category,violation_type,house_maint_code_violate_count,is_tax_lien_sale_eligable,violation_count,has_tax_lien,has_violations,is_residential,unitsres_zero,zombie_score,likely_zombie,borough
1985,58,36.0,39 MONROE STREET,B3,"LINESZY, ALMETER D",2.0,3019850058,3.0,19930816,LL6291,37772,V-DOB VIOLATION - ACTIVE,LL6291-LOCAL LAW 62/91 - BOILERS                                       BOILER  REQUIRED,0.0,0.0,0.0,0,1,1,0,2.0,0,Brooklyn
7405,52,48.0,2765 OCEAN AVENUE,D1,2765 OCEAN AVENUE REALTY,60.0,3074050052,3.0,20161201,EVCAT1,01659,V-DOB VIOLATION - ACTIVE,EVCAT1-ELEVATOR ANNUAL INSPECTION / TEST                               ELEVATORREQUIRED,7.0,0.0,7.0,0,1,1,0,5.5,1,Brooklyn
4700,3,45.0,5206 CHURCH AVENUE,S5,GENESIS REALTY NY LLC,5.0,3047000003,3.0,20090101,LL6291,15481,V-DOB VIOLATION - ACTIVE,LL6291-LOCAL LAW 62/91 - BOILERS                                       BOILER  REQUIRED,14.0,1.0,14.0,1,1,0,0,12.0,1,Brooklyn
5132,56,40.0,1053 FLATBUSH AVENUE,S2,1053 FLATBUSH AVE. LLC.,2.0,3051320056,3.0,no violations,no violations,no violations,no violations,no violations,3.0,0.0,3.0,0,0,0,0,1.5,0,Brooklyn
7928,17,45.0,807 EAST 52 STREET,A5,"ISLAM, MOHAMMED T",1.0,3079280017,3.0,no violations,no violations,no violations,no violations,no violations,0.0,0.0,0.0,0,0,1,0,0.0,0,Brooklyn
5583,69,38.0,984 39 STREET,S5,3904 10TH AVE,5.0,3055830069,3.0,20230620,LBLVIO,43469,V-DOB VIOLATION - ACTIVE,LBLVIO-LOW PRESSURE BOILER                                             BOILER  REQUIRED,1.0,0.0,1.0,0,1,0,0,2.5,0,Brooklyn
4671,24,41.0,392 ROCKAWAY PARKWAY,C3,"DEUTSCHE BANK NATIONAL TRUST COMPANY, AS  TRUSTEE F",4.0,3046710024,3.0,20110921,AEUHAZ1,00253,V-DOB VIOLATION - ACTIVE,AEUHAZ1-FAIL TO CERTIFY CLASS 1                                         NONE,117.0,1.0,117.0,1,1,1,0,63.5,1,Brooklyn
4666,39,50.0,790 CLAWSON STREET,A1,THE PELLICONE FAMILY TRUST,1.0,5046660039,5.0,no violations,no violations,no violations,no violations,no violations,0.0,0.0,0.0,0,0,1,0,0.0,0,Staten Island
7620,57,45.0,1256 EAST 21 STREET,W2,EAST MIDWOOD JEWISH C,0.0,3076200057,3.0,20240422,C,24-01134,V-DOB VIOLATION - ACTIVE,C-CONSTRUCTION                                                    OTHER   OPTIONAL,0.0,0.0,0.0,0,1,0,1,3.0,0,Brooklyn
2981,48,49.0,341 HYLAN BOULEVARD,B2,TORRES PRAXEDES A,2.0,5029810048,5.0,no violations,no violations,no violations,no violations,no violations,0.0,0.0,0.0,0,0,1,0,0.0,0,Staten Island
1832,21,36.0,130 JEFFERSON AVENUE,C1,"MEADOWLAND GROUP, INC.",8.0,3018320021,3.0,20010227,LL6291,16650,V-DOB VIOLATION - ACTIVE,LL6291-LOCAL LAW 62/91 - BOILERS                                       BOILER  REQUIRED,7.0,1.0,7.0,1,1,1,0,8.5,1,Brooklyn
4702,56,45.0,303 EAST 54 STREET,C2,ALZUBAYDI GROUP INC.,6.0,3047020056,3.0,19930601,LL6291,02112,V-DOB VIOLATION - ACTIVE,LL6291-LOCAL LAW 62/91 - BOILERS                                       BOILER  REQUIRED,1.0,1.0,1.0,1,1,1,0,5.5,1,Brooklyn
5121,45,20.0,134-47 MAPLE AVENUE,G6,CROWN MANSION LLC,0.0,4051210045,4.0,20130102,AEUHAZ1,01112,V-DOB VIOLATION - ACTIVE,AEUHAZ1-FAIL TO CERTIFY CLASS 1                                         NONE,0.0,1.0,0.0,1,1,0,1,6.0,1,Queens
4452,448,42.0,508 VANDALIA AVENUE,C1,NEHEMIAH SPRING CREEK IV MIXED INCOME HO USING DEVE,8.0,3044520448,3.0,no violations,no violations,no violations,no violations,no violations,0.0,1.0,0.0,1,0,1,0,3.0,0,Brooklyn
5376,58,39.0,515 EAST 7 STREET,D4,515 EAST 7TH STREET CORPORATION,123.0,3053760058,3.0,20170802,BENCH,00395,V-DOB VIOLATION - ACTIVE,BENCH-FAILURE TO BENCHMARK                                            NONE,17.0,0.0,17.0,0,1,1,0,10.5,1,Brooklyn
5596,23,38.0,4217 NEW UTRECHT AVENUE,V1,HUMAN CARE SERVICES FOR FAMILES &  CHILD REN,0.0,3055960023,3.0,20221201,EGRADE,2201410,V-DOB VIOLATION - ACTIVE,EGRADE-FAILURE TO POST ENERGY GRADE/SCORE                              NONE,0.0,1.0,0.0,1,1,0,1,6.0,1,Brooklyn
7566,6,45.0,1387 OCEAN AVENUE,W2,MASORES YAAKOV,0.0,3075660006,3.0,20000619,C,14M04,V-DOB VIOLATION - ACTIVE,C-CONSTRUCTION                                                    OTHER   OPTIONAL,0.0,0.0,0.0,0,1,0,1,3.0,0,Brooklyn
2973,45,49.0,516 TOMPKINS AVENUE,S1,GEORGE K,1.0,5029730045,5.0,19980504,LL6291,35584,V-DOB VIOLATION - ACTIVE,LL6291-LOCAL LAW 62/91 - BOILERS                                       BOILER  REQUIRED,0.0,0.0,0.0,0,1,0,0,2.0,0,Staten Island
6824,3,48.0,1808 AVENUE R,A9,"BENDEL, HINDY",1.0,3068240003,3.0,no violations,no violations,no violations,no violations,no violations,0.0,0.0,0.0,0,0,1,0,0.0,0,Brooklyn
8490,38,46.0,2269 UTICA AVENUE,A9,"FRANCIS, SHANA-KAY",1.0,3084900038,3.0,no violations,no violations,no violations,no violations,no violations,0.0,0.0,0.0,0,0,1,0,0.0,0,Brooklyn
16038,68,31.0,64-04 BEACH CHANNEL DRIVE,V1,NURUN REALTY LLC,0.0,4160380068,4.0,no violations,no violations,no violations,no violations,no violations,0.0,1.0,0.0,1,0,0,1,4.0,0,Queens
5045,33,40.0,60 HAWTHORNE STREET,C1,60 GARDEN LLC,8.0,3050450033,3.0,20010606,C,03PV02,V-DOB VIOLATION - ACTIVE,C-CONSTRUCTION                                                    OTHER   OPTIONAL,0.0,0.0,0.0,0,1,1,0,2.0,0,Brooklyn
3867,163,42.0,706 WILLIAMS AVENUE,A5,PATRICIA V. YEARWOOD,1.0,3038670163,3.0,no violations,no violations,no violations,no violations,no violations,0.0,0.0,0.0,0,0,1,0,0.0,0,Brooklyn
2017,25,36.0,1156 FULTON STREET,S5,"FULTON FILMS, LLC",5.0,3020170025,3.0,19950829,LL6291,30045,V-DOB VIOLATION - ACTIVE,LL6291-LOCAL LAW 62/91 - BOILERS                                       BOILER  REQUIRED,3.0,1.0,3.0,1,1,0,0,6.5,1,Brooklyn
1822,13,36.0,138 MADISON STREET,B3,"GODIN, GABRIEL",2.0,3018220013,3.0,no violations,no violations,no violations,no violations,no violations,0.0,0.0,0.0,0,0,1,0,0.0,0,Brooklyn
7611,53,45.0,2394 NOSTRAND AVENUE,O2,2394-2392 NOSTRAND AVENUE HOLDINGS,0.0,3076110053,3.0,20230630,LBLVIO,06592,V-DOB VIOLATION - ACTIVE,LBLVIO-LOW PRESSURE BOILER                                             BOILER  REQUIRED,0.0,0.0,0.0,0,1,0,1,3.0,0,Brooklyn
8372,30,46.0,7232 ROYCE PLACE,C0,"YARON PINSON, TRUSTEE",3.0,3083720030,3.0,no violations,no violations,no violations,no violations,no violations,1.0,0.0,1.0,0,0,1,0,0.5,0,Brooklyn
5594,13,39.0,1322 41 STREET,C2,"MAZZONE, NICK",6.0,3055940013,3.0,20150303,LBLVIO,07180,V-DOB VIOLATION - ACTIVE,LBLVIO-LOW PRESSURE BOILER                                             BOILER  REQUIRED,6.0,0.0,6.0,0,1,1,0,5.0,0,Brooklyn
5141,141,39.0,687 CONEY ISLAND AVENUE,S2,687 REALTY LLC,2.0,3051410141,3.0,20091231,LBLVIO,15666,V-DOB VIOLATION - ACTIVE,LBLVIO-LOW PRESSURE BOILER                                             BOILER  REQUIRED,4.0,0.0,4.0,0,1,0,0,4.0,0,Brooklyn
2766,276,17.0,1361 RANDALL AVENUE,E9,MESTOUSIS LLC,0.0,2027660276,2.0,20230630,HBLVIO,01510,V-DOB VIOLATION - ACTIVE,HBLVIO-HIGH PRESSURE BOILER                                            BOILER  REQUIRED,0.0,0.0,0.0,0,1,0,1,3.0,0,Bronx
7973,64,45.0,828 EAST 56 STREET,B1,"THELUSMOND, JEAN MAXO",2.0,3079730064,3.0,no violations,no violations,no violations,no violations,no violations,0.0,0.0,0.0,0,0,1,0,0.0,0,Brooklyn
6963,49,24.0,175-10 JEWEL AVENUE,A5,"LIN, LING",1.0,4069630049,4.0,no violations,no violations,no violations,no violations,no violations,0.0,0.0,0.0,0,0,1,0,0.0,0,Queens
2763,352,17.0,741 WHITTIER STREET,C0,RAMJOHN  WAYNE,3.0,2027630352,2.0,20170712,AEUHAZ1,00191,V-DOB VIOLATION - ACTIVE,AEUHAZ1-FAIL TO CERTIFY CLASS 1                                         NONE,1.0,1.0,1.0,1,1,1,0,5.5,1,Bronx
5297,3,39.0,4019 13 AVENUE,S2,4019 13 AVE LLC,2.0,3052970003,3.0,no violations,no violations,no violations,no violations,no violations,0.0,0.0,0.0,0,0,0,0,0.0,0,Brooklyn
5605,4,44.0,4313 13 AVENUE,S2,"4313 13 AVENUE, LLC",2.0,3056050004,3.0,20230425,LBLVIO,13080,V-DOB VIOLATION - ACTIVE,LBLVIO-LOW PRESSURE BOILER                                             BOILER  REQUIRED,0.0,0.0,0.0,0,1,0,0,2.0,0,Brooklyn
1860,53,36.0,1276 FULTON STREET,K2,FULTON NOSTRAND LLC,0.0,3018600053,3.0,19930816,LL6291,33492,V-DOB VIOLATION - ACTIVE,LL6291-LOCAL LAW 62/91 - BOILERS                                       BOILER  REQUIRED,0.0,0.0,0.0,0,1,0,1,3.0,0,Brooklyn
7756,51,45.0,1088 EAST 53 STREET,B3,BELINDA C WAUGH,2.0,3077560051,3.0,20140129,AEUHAZ1,00261,V-DOB VIOLATION - ACTIVE,AEUHAZ1-FAIL TO CERTIFY CLASS 1                                         NONE,3.0,0.0,3.0,0,1,1,0,3.5,0,Brooklyn
1989,1,36.0,495 CLASSON AVENUE,M1,ELIM GOSPEL TABERNACLE,0.0,3019890001,3.0,20241201,EGRADE,2401148,V-DOB VIOLATION - ACTIVE,EGRADE-FAILURE TO POST ENERGY GRADE/SCORE                              NONE,0.0,0.0,0.0,0,1,0,1,3.0,0,Brooklyn
4197,13,50.0,213 3 STREET,B2,"YANG, JUSTIN",2.0,5041970013,5.0,no violations,no violations,no violations,no violations,no violations,0.0,0.0,0.0,0,0,1,0,0.0,0,Staten Island
512,57,49.0,SANDS STREET,V0,SELVARANJINI SELVARAJ,0.0,5005120057,5.0,no violations,no violations,no violations,no violations,no violations,0.0,0.0,0.0,0,0,0,1,1.0,0,Staten Island
2763,352,17.0,741 WHITTIER STREET,C0,RAMJOHN  WAYNE,3.0,2027630352,2.0,20250222,C,25-00309,V-DOB VIOLATION - ACTIVE,C-CONSTRUCTION                                                    OTHER   OPTIONAL,1.0,1.0,1.0,1,1,1,0,5.5,1,Bronx
8925,181,46.0,2720 GERRITSEN AVENUE,K1,DE NARDO ELIZABETH A,0.0,3089250181,3.0,no violations,no violations,no violations,no violations,no violations,0.0,0.0,0.0,0,0,0,1,1.0,0,Brooklyn
8616,26,46.0,143 WHITMAN DRIVE,A3,"BENSUSAN, DANIEL",1.0,3086160026,3.0,20111213,JVIOS,00665,V-DOB VIOLATION - ACTIVE,JVIOS-PRIVATE RESIDENTIAL ELEVATOR                                    ELEVATOROPTIONAL,0.0,0.0,0.0,0,1,1,0,2.0,0,Brooklyn
2647,23,33.0,577 LEONARD STREET,B9,577 LEONARD LLC,2.0,3026470023,3.0,no violations,no violations,no violations,no violations,no violations,0.0,0.0,0.0,0,0,1,0,0.0,0,Brooklyn
5158,58,40.0,395 MARLBOROUGH ROAD,A1,"BIDIYANATH, JOE",1.0,3051580058,3.0,no violations,no violations,no violations,no violations,no violations,0.0,0.0,0.0,0,0,1,0,0.0,0,Brooklyn
3612,8,41.0,931 THOMAS S BOYLAND ST,S2,931 THOMAS S BOYLAND STREET LLC,2.0,3036120008,3.0,20140515,LBLVIO,13579,V-DOB VIOLATION - ACTIVE,LBLVIO-LOW PRESSURE BOILER                                             BOILER  REQUIRED,2.0,1.0,2.0,1,1,0,0,6.0,1,Brooklyn
2856,57,49.0,261 MARYLAND AVENUE,B2,"LEUNG, MEI MEI",2.0,5028560057,5.0,no violations,no violations,no violations,no violations,no violations,0.0,0.0,0.0,0,0,1,0,0.0,0,Staten Island
15931,40,31.0,145 BEACH 59 STREET,C1,"H20 HOLDING,",13.0,4159310040,4.0,20151001,LBLVIO,12490,V-DOB VIOLATION - ACTIVE,LBLVIO-LOW PRESSURE BOILER                                             BOILER  REQUIRED,14.0,1.0,14.0,1,1,1,0,12.0,1,Queens
1282,3,35.0,261 ROGERS AVENUE,S2,"FIGARO, YVES S",2.0,3012820003,3.0,19930816,LL6291,25914,V-DOB VIOLATION - ACTIVE,LL6291-LOCAL LAW 62/91 - BOILERS                                       BOILER  REQUIRED,0.0,1.0,0.0,1,1,0,0,5.0,0,Brooklyn
1778,27,21.0,37-10 111 STREET,M1,NEW YORK CHURCH/CHRIST,0.0,4017780027,4.0,20230630,LBLVIO,28832,V-DOB VIOLATION - ACTIVE,LBLVIO-LOW PRESSURE BOILER                                             BOILER  REQUIRED,0.0,0.0,0.0,0,1,0,1,3.0,0,Queens
5590,59,38.0,953 42 STREET,C2,HAPPY ENTERPRISE LLC,6.0,3055900059,3.0,20080103,LL6291,10093,V-DOB VIOLATION - ACTIVE,LL6291-LOCAL LAW 62/91 - BOILERS                                       BOILER  REQUIRED,13.0,1.0,13.0,1,1,1,0,11.5,1,Brooklyn
5614,7,38.0,4509 10 AVENUE,C2,"4509 TENTH,",6.0,3056140007,3.0,20020326,LL6291,23392,V-DOB VIOLATION - ACTIVE,LL6291-LOCAL LAW 62/91 - BOILERS                                       BOILER  REQUIRED,5.0,1.0,5.0,1,1,1,0,7.5,1,Brooklyn
1822,86,36.0,239 PUTNAM AVENUE,B9,KIMBERLY GEORGE,2.0,3018220086,3.0,19950829,LL6291,38125,V-DOB VIOLATION - ACTIVE,LL6291-LOCAL LAW 62/91 - BOILERS                                       BOILER  REQUIRED,10.0,1.0,10.0,1,1,1,0,10.0,1,Brooklyn
5030,8,40.0,457 ROGERS AVENUE,S2,TOWNSEND AVIS,2.0,3050300008,3.0,19940601,LL6291,10115,V-DOB VIOLATION - ACTIVE,LL6291-LOCAL LAW 62/91 - BOILERS                                       BOILER  REQUIRED,1.0,0.0,1.0,0,1,0,0,2.5,0,Brooklyn
2000,41,36.0,1191 FULTON STREET,K1,2755 KNAPP MANAGEMENT INC,0.0,3020000041,3.0,19960912,IMEGNCY,172/96,V-DOB VIOLATION - ACTIVE,IMEGNCY-IMMEDIATE EMERGENCY                                             ANYTHINGOPTIONAL,0.0,1.0,0.0,1,1,0,1,6.0,1,Brooklyn
7011,7,24.0,76-12 175 STREET,A1,"WONG, MARIA KIT SZELEUNG",1.0,4070110007,4.0,no violations,no violations,no violations,no violations,no violations,0.0,0.0,0.0,0,0,1,0,0.0,0,Queens
1268,34,35.0,524 EASTERN PARKWAY,M1,PHILADELPHIA THE CHURCH OF UNIVERSAL BRO THERHOOD,0.0,3012680034,3.0,20141031,EVCAT1,02059,V-DOB VIOLATION - ACTIVE,EVCAT1-ELEVATOR ANNUAL INSPECTION / TEST                               ELEVATORREQUIRED,0.0,0.0,0.0,0,1,0,1,3.0,0,Brooklyn
4729,53,45.0,232 EAST 58 STREET,A5,"SMITH, DOLORES",1.0,3047290053,3.0,no violations,no violations,no violations,no violations,no violations,0.0,0.0,0.0,0,0,1,0,0.0,0,Brooklyn
908,126,50.0,WHITLOCK AVENUE,V0,"NOCE, JOSEPH J",0.0,5009080126,5.0,no violations,no violations,no violations,no violations,no violations,0.0,1.0,0.0,1,0,0,1,4.0,0,Staten Island
2652,27,33.0,181 NASSAU AVENUE,S2,181 NASSAU LLC,2.0,3026520027,3.0,20030319,LL6291,17851,V-DOB VIOLATION - ACTIVE,LL6291-LOCAL LAW 62/91 - BOILERS                                       BOILER  REQUIRED,1.0,0.0,1.0,0,1,0,0,2.5,0,Brooklyn
1294,1,35.0,80 CROWN STREET,W9,MEDGAR EVARS COLLEGE     RESEARCH FOUNDA TION CUNY,0.0,3012940001,3.0,20140331,EVCAT1,09049,V-DOB VIOLATION - ACTIVE,EVCAT1-ELEVATOR ANNUAL INSPECTION / TEST                               ELEVATORREQUIRED,0.0,0.0,0.0,0,1,0,1,3.0,0,Brooklyn
5608,31,38.0,4414 FT HAMILTON PARKWAY,S1,"ENGELBERG, DAVID",1.0,3056080031,3.0,20050131,LL6291,17798,V-DOB VIOLATION - ACTIVE,LL6291-LOCAL LAW 62/91 - BOILERS                                       BOILER  REQUIRED,0.0,1.0,0.0,1,1,0,0,5.0,0,Brooklyn
805,97,50.0,131 SUFFOLK AVENUE,B2,"MANDELL, MEIR",2.0,5008050097,5.0,no violations,no violations,no violations,no violations,no violations,0.0,0.0,0.0,0,0,1,0,0.0,0,Staten Island
5331,13,13.0,3225 EAST TREMONT AVENUE,O2,3219 TREMONT PLACE LLC,0.0,2053310013,2.0,20170914,E,9027/612360,V-DOB VIOLATION - ACTIVE,E-ELEVATOR                                                        ELEVATORREQUIRED,0.0,1.0,0.0,1,1,0,1,6.0,1,Bronx
5032,5,20.0,150-01 ROOSEVELT AVENUE,K4,MUNJOO REALTY CORP,0.0,4050320005,4.0,no violations,no violations,no violations,no violations,no violations,0.0,0.0,0.0,0,0,0,1,1.0,0,Queens
7778,24,46.0,1190 EAST 53 STREET,D4,KINGS VILLAGE CORP,156.0,3077780024,3.0,20020808,L1198,NRF53592,V-DOB VIOLATION - ACTIVE,L1198-LOCAL LAW 11/98 - FACADE                                        FACADE  REQUIRED,44.0,0.0,44.0,0,1,1,0,24.0,1,Brooklyn
1328,1,40.0,177 LINCOLN ROAD,C5,"WILSON, JOYCELYN",6.0,3013280001,3.0,20230630,LBLVIO,15866,V-DOB VIOLATION - ACTIVE,LBLVIO-LOW PRESSURE BOILER                                             BOILER  REQUIRED,3.0,0.0,3.0,0,1,1,0,3.5,0,Brooklyn
4699,13,45.0,370 EAST 52 STREET,C3,"MCALL LEWIS MORTGAGE, LLC",4.0,3046990013,3.0,no violations,no violations,no violations,no violations,no violations,0.0,1.0,0.0,1,0,1,0,3.0,0,Brooklyn
1762,72,33.0,242 SPENCER STREET,C1,551 DEKALB AVE. HDFC,8.0,3017620072,3.0,20230620,LBLVIO,34943,V-DOB VIOLATION - ACTIVE,LBLVIO-LOW PRESSURE BOILER                                             BOILER  REQUIRED,1.0,0.0,1.0,0,1,1,0,2.5,0,Brooklyn
1239,18,36.0,744 PARK PLACE,C1,744 PARK LLC,8.0,3012390018,3.0,20240923,LBLVIO,08243,V-DOB VIOLATION - ACTIVE,LBLVIO-LOW PRESSURE BOILER                                             BOILER  REQUIRED,7.0,1.0,7.0,1,1,1,0,8.5,1,Brooklyn
4959,13,20.0,35-05 FARRINGTON STREET,K4,SEUNG S. REALTY CORP.,0.0,4049590013,4.0,20070402,LL1081,03564,V-DOB VIOLATION - ACTIVE,LL1081-LOCAL LAW 10/81 - ELEVATOR                                      ELEVATOROPTIONAL,0.0,0.0,0.0,0,1,0,1,3.0,0,Queens
1305,1,35.0,355 ROGERS AVENUE,C7,219 REALTY GROUP,25.0,3013050001,3.0,19950829,LL6291,38303,V-DOB VIOLATION - ACTIVE,LL6291-LOCAL LAW 62/91 - BOILERS                                       BOILER  REQUIRED,64.0,1.0,64.0,1,1,1,0,37.0,1,Brooklyn
6817,4,48.0,1112 AVENUE R,C3,"1112 AVENUE R, BROOKLYN NY LLC",4.0,3068170004,3.0,no violations,no violations,no violations,no violations,no violations,32.0,1.0,32.0,1,0,1,0,19.0,1,Brooklyn
1305,76,35.0,227 SULLIVAN PLACE,C1,227 REALTY GROUP,27.0,3013050076,3.0,20210602,BENCH,00950,V-DOB VIOLATION - ACTIVE,BENCH-FAILURE TO BENCHMARK                                            NONE,38.0,1.0,38.0,1,1,1,0,24.0,1,Brooklyn
5007,19,20.0,149-34 35 AVENUE,W8,"FUNCTIONAL LIFE ACHIEVEMENT, INC.",0.0,4050070019,4.0,20140530,ACC1,09327,V-DOB VIOLATION - ACTIVE,ACC1-(OTHER BLDGS TYPES) - ELEVATOR AFFIRMATION OF CORRECTION        ELEVATORREQUIRED,0.0,0.0,0.0,0,1,0,1,3.0,0,Queens
4169,38,37.0,145 MC KINLEY AVENUE,B3,RASHEED MOHAMMED,2.0,3041690038,3.0,no violations,no violations,no violations,no violations,no violations,0.0,0.0,0.0,0,0,1,0,0.0,0,Brooklyn
5199,21,20.0,44-22 PARSONS BOULEVARD,I1,FLUSHING HOSPITAL & MEDICAL CENTER,0.0,4051990021,4.0,20160406,E,9027/572153,V-DOB VIOLATION - ACTIVE,E-ELEVATOR                                                        ELEVATORREQUIRED,0.0,1.0,0.0,1,1,0,1,6.0,1,Queens
5357,1,39.0,504 BEVERLEY ROAD,C0,"SAFA, NURUS",3.0,3053570001,3.0,19880608,C,12C1,V-DOB VIOLATION - ACTIVE,C-CONSTRUCTION                                                    OTHER   OPTIONAL,0.0,1.0,0.0,1,1,1,0,5.0,0,Brooklyn
7405,136,48.0,2115 AVENUE X,O5,GERNAT HOLDING INC,0.0,3074050136,3.0,20220413,AEUHAZ1,00217,V-DOB VIOLATION - ACTIVE,AEUHAZ1-FAIL TO CERTIFY CLASS 1                                         NONE,0.0,1.0,0.0,1,1,0,1,6.0,1,Brooklyn
1928,72,33.0,525 DEKALB AVENUE,S0,525 DEKALB LLC,1.0,3019280072,3.0,20130301,LBLVIO,07894,V-DOB VIOLATION - ACTIVE,LBLVIO-LOW PRESSURE BOILER                                             BOILER  REQUIRED,0.0,0.0,0.0,0,1,0,0,2.0,0,Brooklyn
8521,61,46.0,2044 EAST 36 STREET,A1,THE MARIAN SEAVERS FAMILY TRUST C/O LAUR EN SEAVERS,1.0,3085210061,3.0,no violations,no violations,no violations,no violations,no violations,0.0,0.0,0.0,0,0,1,0,0.0,0,Brooklyn
14020,14,32.0,160-18 83 STREET,A1,TUZZOLO BARBARA M,1.0,4140200014,4.0,no violations,no violations,no violations,no violations,no violations,0.0,0.0,0.0,0,0,1,0,0.0,0,Queens
5589,37,39.0,1256 40 STREET,B2,1256 40 STREET LLC,2.0,3055890037,3.0,no violations,no violations,no violations,no violations,no violations,0.0,0.0,0.0,0,0,1,0,0.0,0,Brooklyn
5376,33,13.0,2895 CODDINGTON AVENUE,B3,"MAURO, FRANK T",2.0,2053760033,2.0,no violations,no violations,no violations,no violations,no violations,0.0,1.0,0.0,1,0,1,0,3.0,0,Bronx
5620,4,38.0,4617 10 AVENUE,S2,"MALIK, SARAH",2.0,3056200004,3.0,no violations,no violations,no violations,no violations,no violations,3.0,1.0,3.0,1,0,0,0,4.5,0,Brooklyn
1781,21,21.0,111-22 37 AVENUE,A1,"COX, JR., WILMER",1.0,4017810021,4.0,no violations,no violations,no violations,no violations,no violations,0.0,0.0,0.0,0,0,1,0,0.0,0,Queens
1971,11,36.0,138A LEXINGTON AVENUE,C7,140 LEXINGTON HOUSE LLC,21.0,3019710011,3.0,20230425,LBLVIO,17149,V-DOB VIOLATION - ACTIVE,LBLVIO-LOW PRESSURE BOILER                                             BOILER  REQUIRED,17.0,1.0,17.0,1,1,1,0,13.5,1,Brooklyn
7637,71,45.0,1834 FLATBUSH AVENUE,S2,1834 FLATBUSH AVENUE LLC,2.0,3076370071,3.0,20151001,LBLVIO,06110,V-DOB VIOLATION - ACTIVE,LBLVIO-LOW PRESSURE BOILER                                             BOILER  REQUIRED,0.0,0.0,0.0,0,1,0,0,2.0,0,Brooklyn
5431,48,20.0,45-53 PARSONS BOULEVARD,C0,"LI, MEI SHAN",3.0,4054310048,4.0,no violations,no violations,no violations,no violations,no violations,0.0,0.0,0.0,0,0,1,0,0.0,0,Queens
5066,23,40.0,224 CLARKSON AVENUE,E9,"299 CLARKSON, LLC",0.0,3050660023,3.0,20050131,LL6291,17812,V-DOB VIOLATION - ACTIVE,LL6291-LOCAL LAW 62/91 - BOILERS                                       BOILER  REQUIRED,0.0,0.0,0.0,0,1,0,1,3.0,0,Brooklyn
5352,27,13.0,2838 LA SALLE AVENUE,A1,"GONZALEZ, ELIGIO",1.0,2053520027,2.0,no violations,no violations,no violations,no violations,no violations,0.0,0.0,0.0,0,0,1,0,0.0,0,Bronx
3643,38,42.0,1034-38 ROCKAWAY AVENUE,M1,VITUCCI DOMINICK,0.0,3036430038,3.0,no violations,no violations,no violations,no violations,no violations,0.0,1.0,0.0,1,0,0,1,4.0,0,Brooklyn
5596,23,38.0,4217 NEW UTRECHT AVENUE,V1,HUMAN CARE SERVICES FOR FAMILES &  CHILD REN,0.0,3055960023,3.0,20211102,BENCH,00576,V-DOB VIOLATION - ACTIVE,BENCH-FAILURE TO BENCHMARK                                            NONE,0.0,1.0,0.0,1,1,0,1,6.0,1,Brooklyn
3639,14,50.0,243 LOCUST AVENUE,A2,"ARTHUR T. TRUSCELLI, CO-TRUSTEE",1.0,5036390014,5.0,no violations,no violations,no violations,no violations,no violations,0.0,0.0,0.0,0,0,1,0,0.0,0,Staten Island
1255,79,35.0,789 LINCOLN PLACE,S2,GEORGE I WASHINGTON,2.0,3012550079,3.0,no violations,no violations,no violations,no violations,no violations,1.0,0.0,1.0,0,0,0,0,0.5,0,Brooklyn
7611,50,45.0,2388 NOSTRAND AVENUE,S2,2388 NOSTRAND CORP,2.0,3076110050,3.0,19970210,LL6291,31374,V-DOB VIOLATION - ACTIVE,LL6291-LOCAL LAW 62/91 - BOILERS                                       BOILER  REQUIRED,0.0,1.0,0.0,1,1,0,0,5.0,0,Brooklyn
4767,29,45.0,420 EAST 57 STREET,B1,"STEWART, BRITTANY",2.0,3047670029,3.0,no violations,no violations,no violations,no violations,no violations,0.0,1.0,0.0,1,0,1,0,3.0,0,Brooklyn
5090,15,40.0,106 MARTENSE STREET,B3,CLARISSA BROWN,2.0,3050900015,3.0,no violations,no violations,no violations,no violations,no violations,0.0,0.0,0.0,0,0,1,0,0.0,0,Brooklyn
5219,4,45.0,1908 NEWKIRK AVENUE,C1,"NEWKIRK NOSTRAND EAST SPE OWNER, LLC",22.0,3052190004,3.0,20240923,LBLVIO,11651,V-DOB VIOLATION - ACTIVE,LBLVIO-LOW PRESSURE BOILER                                             BOILER  REQUIRED,44.0,1.0,44.0,1,1,1,0,27.0,1,Brooklyn
1822,7,36.0,1153 BEDFORD AVENUE,C1,AFL REO LLC,8.0,3018220007,3.0,20230620,LBLVIO,39236,V-DOB VIOLATION - ACTIVE,LBLVIO-LOW PRESSURE BOILER                                             BOILER  REQUIRED,0.0,1.0,0.0,1,1,1,0,5.0,0,Brooklyn
16092,24,31.0,7013 CATAMARAN WAY,B2,"LEVEILLE, KIMBERLY",2.0,4160920024,4.0,no violations,no violations,no violations,no violations,no violations,0.0,0.0,0.0,0,0,1,0,0.0,0,Queens
7804,10,46.0,1189 EAST 56 STREET,B1,"ALEXANDER, DONNA",2.0,3078040010,3.0,no violations,no violations,no violations,no violations,no violations,0.0,0.0,0.0,0,0,1,0,0.0,0,Brooklyn
4703,58,45.0,267 EAST 55 STREET,C2,"ROWE, ORAL",5.0,3047030058,3.0,no violations,no violations,no violations,no violations,no violations,2.0,1.0,2.0,1,0,1,0,4.0,0,Brooklyn
5288,46,38.0,3810 FT HAMILTON PARKWAY,S2,MOHAMMAD MUZAHIR,2.0,3052880046,3.0,20060106,LL6291,15614,V-DOB VIOLATION - ACTIVE,LL6291-LOCAL LAW 62/91 - BOILERS                                       BOILER  REQUIRED,6.0,1.0,6.0,1,1,0,0,8.0,1,Brooklyn
1305,76,35.0,227 SULLIVAN PLACE,C1,227 REALTY GROUP,27.0,3013050076,3.0,19930816,LL6291,39723,V-DOB VIOLATION - ACTIVE,LL6291-LOCAL LAW 62/91 - BOILERS                                       BOILER  REQUIRED,38.0,1.0,38.0,1,1,1,0,24.0,1,Brooklyn
7786,45,23.0,212-02 UNION TURNPIKE,K1,ECCGP LLC,0.0,4077860045,4.0,19930628,LL6291,09814,V-DOB VIOLATION - ACTIVE,LL6291-LOCAL LAW 62/91 - BOILERS                                       BOILER  REQUIRED,0.0,1.0,0.0,1,1,0,1,6.0,1,Queens
6727,16,20.0,57-23 160 STREET,B3,JIANFEI LIN,2.0,4067270016,4.0,no violations,no violations,no violations,no violations,no violations,0.0,0.0,0.0,0,0,1,0,0.0,0,Queens
5485,12,20.0,47-25 PARSONS BOULEVARD,B3,CHARLES IN JOO CHUNG,2.0,4054850012,4.0,no violations,no violations,no violations,no violations,no violations,0.0,0.0,0.0,0,0,1,0,0.0,0,Queens
2820,95,49.0,1 EDGEWATER STREET,O3,ONE EDGEWATER EQUITIES LLC,0.0,5028200095,5.0,20191108,LBLVIO,16079,V-DOB VIOLATION - ACTIVE,LBLVIO-LOW PRESSURE BOILER                                             BOILER  REQUIRED,0.0,0.0,0.0,0,1,0,1,3.0,0,Staten Island
2856,60,49.0,605 TOMPKINS AVENUE,B1,EVA KALUSKI,2.0,5028560060,5.0,no violations,no violations,no violations,no violations,no violations,0.0,0.0,0.0,0,0,1,0,0.0,0,Staten Island
15823,33,31.0,31-07 LEWMAY ROAD,C0,JOSEPH JEAN,3.0,4158230033,4.0,no violations,no violations,no violations,no violations,no violations,0.0,0.0,0.0,0,0,1,0,0.0,0,Queens
7614,48,45.0,3216 AVENUE J,A1,IMBO 3216 REALTY CO LLC,1.0,3076140048,3.0,20190823,C,CN1802RA,V-DOB VIOLATION - ACTIVE,C-CONSTRUCTION                                                    OTHER   OPTIONAL,0.0,0.0,0.0,0,1,1,0,2.0,0,Brooklyn
5141,251,39.0,CONEY ISLAND AVENUE,V2,"SHIWKUWAR, DORIS",0.0,3051410251,3.0,no violations,no violations,no violations,no violations,no violations,0.0,0.0,0.0,0,0,0,1,1.0,0,Brooklyn
5605,53,44.0,1369 44 STREET,C2,SPREI FAMILY TRUST,5.0,3056050053,3.0,20130301,LBLVIO,10632,V-DOB VIOLATION - ACTIVE,LBLVIO-LOW PRESSURE BOILER                                             BOILER  REQUIRED,5.0,1.0,5.0,1,1,1,0,7.5,1,Brooklyn
4623,25,41.0,76 EAST 54 STREET,B1,"BAUMGARTEN, SHOLOM BER",2.0,3046230025,3.0,no violations,no violations,no violations,no violations,no violations,0.0,0.0,0.0,0,0,1,0,0.0,0,Brooklyn
5309,47,39.0,106 DAHILL ROAD,B1,"KAMAL EQUITY COMPANY, LLC",2.0,3053090047,3.0,19900504,C,12JR12,V-DOB VIOLATION - ACTIVE,C-CONSTRUCTION                                                    OTHER   OPTIONAL,0.0,0.0,0.0,0,1,1,0,2.0,0,Brooklyn
8542,13,46.0,2165 HENDRICKSON STREET,B1,Andrea Gillson,2.0,3085420013,3.0,no violations,no violations,no violations,no violations,no violations,0.0,0.0,0.0,0,0,1,0,0.0,0,Brooklyn
1266,36,35.0,1548 BEDFORD AVENUE,H2,1550 BEDFORD AVE LLC,0.0,3012660036,3.0,20210804,AEUHAZ1,00397,V-DOB VIOLATION - ACTIVE,AEUHAZ1-FAIL TO CERTIFY CLASS 1                                         NONE,0.0,1.0,0.0,1,1,0,1,6.0,1,Brooklyn
7816,1,23.0,85-05 212 STREET,A1,"ASSYAG, AYELET",1.0,4078160001,4.0,no violations,no violations,no violations,no violations,no violations,0.0,0.0,0.0,0,0,1,0,0.0,0,Queens
5121,45,20.0,134-47 MAPLE AVENUE,G6,CROWN MANSION LLC,0.0,4051210045,4.0,20130102,AEUHAZ1,01112,V-DOB VIOLATION - ACTIVE,AEUHAZ1-FAIL TO CERTIFY CLASS 1                                         NONE,0.0,1.0,0.0,1,1,0,1,6.0,1,Queens
1206,24,36.0,1224 PACIFIC STREET,C1,ATZ REALTY LLC,15.0,3012060024,3.0,20231004,AEUHAZ1,01522,V-DOB VIOLATION - ACTIVE,AEUHAZ1-FAIL TO CERTIFY CLASS 1                                         NONE,39.0,1.0,39.0,1,1,1,0,24.5,1,Brooklyn
4701,3,45.0,5306 CHURCH AVENUE,S2,PFS GROUP INC,2.0,3047010003,3.0,20230620,LBLVIO,22154,V-DOB VIOLATION - ACTIVE,LBLVIO-LOW PRESSURE BOILER                                             BOILER  REQUIRED,1.0,0.0,1.0,0,1,0,0,2.5,0,Brooklyn
5154,7,40.0,1114 CORTELYOU ROAD,S2,MARIO VIDALS,2.0,3051540007,3.0,20230620,LBLVIO,12480,V-DOB VIOLATION - ACTIVE,LBLVIO-LOW PRESSURE BOILER                                             BOILER  REQUIRED,0.0,1.0,0.0,1,1,0,0,5.0,0,Brooklyn
2862,113,49.0,11 HOPE AVENUE,A5,PHILIP MANITTA,1.0,5028620113,5.0,no violations,no violations,no violations,no violations,no violations,0.0,0.0,0.0,0,0,1,0,0.0,0,Staten Island
1776,56,21.0,104-33 ROOSEVELT AVENUE,V1,"MARRERO, IVELISSE",0.0,4017760056,4.0,20120725,AEUHAZ1,00211,V-DOB VIOLATION - ACTIVE,AEUHAZ1-FAIL TO CERTIFY CLASS 1                                         NONE,0.0,1.0,0.0,1,1,0,1,6.0,1,Queens
2766,92,17.0,1315 RANDALL AVENUE,F5,A & M CARPENTRY DESIGNS CORP.,0.0,2027660092,2.0,20030319,LL6291,09555,V-DOB VIOLATION - ACTIVE,LL6291-LOCAL LAW 62/91 - BOILERS                                       BOILER  REQUIRED,0.0,1.0,0.0,1,1,0,1,6.0,1,Bronx
4246,32,50.0,366 BEACH AVENUE,A5,"CHEN, WEI HUAN",1.0,5042460032,5.0,no violations,no violations,no violations,no violations,no violations,0.0,0.0,0.0,0,0,1,0,0.0,0,Staten Island
7840,37,23.0,224-38 77 AVENUE,A2,"ZHENG, MARK",1.0,4078400037,4.0,no violations,no violations,no violations,no violations,no violations,0.0,0.0,0.0,0,0,1,0,0.0,0,Queens
7848,53,46.0,1528 EAST 51 STREET,A9,"SMALLS, SHEILA A",1.0,3078480053,3.0,no violations,no violations,no violations,no violations,no violations,0.0,0.0,0.0,0,0,1,0,0.0,0,Brooklyn
1717,6,33.0,39 WALWORTH STREET,E1,LFFT TIC LLC,0.0,3017170006,3.0,20051001,LL1081,03142,V-DOB VIOLATION - ACTIVE,LL1081-LOCAL LAW 10/81 - ELEVATOR                                      ELEVATOROPTIONAL,0.0,1.0,0.0,1,1,0,1,6.0,1,Brooklyn
3607,8,41.0,912 EAST 98 STREET,C7,RH 912 SARATOGA AVE LLC,35.0,3036070008,3.0,19930816,LL6291,19067,V-DOB VIOLATION - ACTIVE,LL6291-LOCAL LAW 62/91 - BOILERS                                       BOILER  REQUIRED,197.0,1.0,197.0,1,1,1,0,103.5,1,Brooklyn
5036,22,20.0,135-18 ROOSEVELT AVENUE,K2,135-18 ZING REALTY LLC,0.0,4050360022,4.0,19990316,LL6291,28154,V-DOB VIOLATION - ACTIVE,LL6291-LOCAL LAW 62/91 - BOILERS                                       BOILER  REQUIRED,0.0,0.0,0.0,0,1,0,1,3.0,0,Queens
5387,84,39.0,599 EAST 3 STREET,A1,PURABI BAGCI,1.0,3053870084,3.0,no violations,no violations,no violations,no violations,no violations,0.0,0.0,0.0,0,0,1,0,0.0,0,Brooklyn
4740,7,45.0,5516 TILDEN AVENUE,B1,AHMAD MUHAMAD,2.0,3047400007,3.0,20220216,AEUHAZ1,00309,V-DOB VIOLATION - ACTIVE,AEUHAZ1-FAIL TO CERTIFY CLASS 1                                         NONE,0.0,1.0,0.0,1,1,1,0,5.0,0,Brooklyn
14199,43,32.0,162-37 97 STREET,A1,"RAWDON, JOSEPH",1.0,4141990043,4.0,no violations,no violations,no violations,no violations,no violations,0.0,0.0,0.0,0,0,1,0,0.0,0,Queens
8720,14,48.0,3209 CONEY ISLAND AVENUE,P9,"OCEANA HOMEOWNERS ASSOCIATION, INC.",0.0,3087200014,3.0,20180406,LBLVIO,09933,V-DOB VIOLATION - ACTIVE,LBLVIO-LOW PRESSURE BOILER                                             BOILER  REQUIRED,0.0,0.0,0.0,0,1,0,1,3.0,0,Brooklyn
13690,64,31.0,259-64 149 AVENUE,B2,MARIE MAUDE OCEAN,2.0,4136900064,4.0,no violations,no violations,no violations,no violations,no violations,1.0,0.0,1.0,0,0,1,0,0.5,0,Queens
4675,16,41.0,820 UTICA AVENUE,K4,51 STREET LLC,0.0,3046750016,3.0,20230620,LBLVIO,39205,V-DOB VIOLATION - ACTIVE,LBLVIO-LOW PRESSURE BOILER                                             BOILER  REQUIRED,40.0,0.0,40.0,0,1,0,1,23.0,1,Brooklyn
1860,11,36.0,1192 FULTON STREET,C7,BAWABEH BROTHERS NO. 2 LLC,12.0,3018600011,3.0,20111213,LBLVIO,15892,V-DOB VIOLATION - ACTIVE,LBLVIO-LOW PRESSURE BOILER                                             BOILER  REQUIRED,3.0,0.0,3.0,0,1,1,0,3.5,0,Brooklyn
7617,17,45.0,1155 EAST 35 STREET,C1,"MIDWOOD 35TH REALTY, LLC",38.0,3076170017,3.0,20220202,BENCH,00479,V-DOB VIOLATION - ACTIVE,BENCH-FAILURE TO BENCHMARK                                            NONE,107.0,1.0,107.0,1,1,1,0,58.5,1,Brooklyn
5101,6,40.0,2022 CHURCH AVENUE,K1,ELSAID REALTY LLC,0.0,3051010006,3.0,19930816,LL6291,18525,V-DOB VIOLATION - ACTIVE,LL6291-LOCAL LAW 62/91 - BOILERS                                       BOILER  REQUIRED,0.0,1.0,0.0,1,1,0,1,6.0,1,Brooklyn
1162,48,35.0,494 PROSPECT PLACE,C1,K-LAND PROPERTY COMPANY LLC,8.0,3011620048,3.0,20240923,LBLVIO,08079,V-DOB VIOLATION - ACTIVE,LBLVIO-LOW PRESSURE BOILER                                             BOILER  REQUIRED,29.0,1.0,29.0,1,1,1,0,19.5,1,Brooklyn
1775,17,21.0,104-44 38 AVENUE,B1,"FLORES, JOSE",2.0,4017750017,4.0,no violations,no violations,no violations,no violations,no violations,0.0,0.0,0.0,0,0,1,0,0.0,0,Queens
7405,38,48.0,2811 OCEAN AVENUE,O9,"APELBAUM, SARA",1.0,3074050038,3.0,20151001,LBLVIO,10318,V-DOB VIOLATION - ACTIVE,LBLVIO-LOW PRESSURE BOILER                                             BOILER  REQUIRED,0.0,0.0,0.0,0,1,0,0,2.0,0,Brooklyn
1802,29,36.0,222 LEXINGTON AVENUE,C3,LYNCH KAREN R.,4.0,3018020029,3.0,20230630,LBLVIO,31349,V-DOB VIOLATION - ACTIVE,LBLVIO-LOW PRESSURE BOILER                                             BOILER  REQUIRED,1.0,1.0,1.0,1,1,1,0,5.5,1,Brooklyn
5586,44,38.0,957 41 STREET,B2,ISRAEL KOZLIK,2.0,3055860044,3.0,no violations,no violations,no violations,no violations,no violations,0.0,0.0,0.0,0,0,1,0,0.0,0,Brooklyn
5603,21,44.0,1134 43 STREET,C2,"MANGAL FAMILY TRUST, DATED FEBRUARY 9, 2 011",6.0,3056030021,3.0,no violations,no violations,no violations,no violations,no violations,0.0,0.0,0.0,0,0,1,0,0.0,0,Brooklyn
5309,18,39.0,79 TEHAMA STREET,B1,"HOQUE, NUR S",2.0,3053090018,3.0,no violations,no violations,no violations,no violations,no violations,0.0,0.0,0.0,0,0,1,0,0.0,0,Brooklyn
5625,81,13.0,100A PILOT STREET,A5,"SABRINA L. BERENT INFANTE, CO-TRUSTEE",1.0,2056250081,2.0,no violations,no violations,no violations,no violations,no violations,0.0,0.0,0.0,0,0,1,0,0.0,0,Bronx
5387,23,13.0,2892 ZULETTE AVENUE,B2,"UNAL, GOKHAN",2.0,2053870023,2.0,no violations,no violations,no violations,no violations,no violations,0.0,0.0,0.0,0,0,1,0,0.0,0,Bronx
1240,73,36.0,783 STERLING PLACE,C2,CATHY SAM,6.0,3012400073,3.0,20060106,LL6291,12634,V-DOB VIOLATION - ACTIVE,LL6291-LOCAL LAW 62/91 - BOILERS                                       BOILER  REQUIRED,8.0,1.0,8.0,1,1,1,0,9.0,1,Brooklyn
5180,38,20.0,140-46 SANFORD AVENUE,D6,SANFORD TOWER LLC,34.0,4051800038,4.0,20231004,AEUHAZ1,02223,V-DOB VIOLATION - ACTIVE,AEUHAZ1-FAIL TO CERTIFY CLASS 1                                         NONE,0.0,1.0,0.0,1,1,1,0,5.0,0,Queens
8252,47,19.0,52-48 LITTLE NECK PARKWAY,B1,"DASKAROLIS, EVANGELOS",2.0,4082520047,4.0,no violations,no violations,no violations,no violations,no violations,0.0,0.0,0.0,0,0,1,0,0.0,0,Queens
1,210,49.0,40 BAY STREET LANDING,T2,NYC DEPARTMENT OF SMALL BUSINESS SERVICES,0.0,5000010210,5.0,20161102,BENCH,00506,V-DOB VIOLATION - ACTIVE,BENCH-FAILURE TO BENCHMARK                                            NONE,0.0,0.0,0.0,0,1,0,1,3.0,0,Staten Island
5353,58,39.0,555 MCDONALD AVENUE,C2,MOHAMMED ISLAM,6.0,3053530058,3.0,20201111,AEUHAZ1,00401,V-DOB VIOLATION - ACTIVE,AEUHAZ1-FAIL TO CERTIFY CLASS 1                                         NONE,19.0,1.0,19.0,1,1,1,0,14.5,1,Brooklyn
5031,6,40.0,10 MAPLE STREET,D7,MAPLE10 LLC,52.0,3050310006,3.0,20120815,E,ACC101438,V-DOB VIOLATION - ACTIVE,E-ELEVATOR                                                        ELEVATORREQUIRED,45.0,1.0,45.0,1,1,1,0,27.5,1,Brooklyn
1273,8,35.0,847 FRANKLIN AVENUE,S9,SAMUEL SPRINGER,6.0,3012730008,3.0,20140515,LBLVIO,13427,V-DOB VIOLATION - ACTIVE,LBLVIO-LOW PRESSURE BOILER                                             BOILER  REQUIRED,4.0,1.0,4.0,1,1,0,0,7.0,1,Brooklyn
7789,32,45.0,4104 AVENUE J,S2,MIMAR REALTY CORP,2.0,3077890032,3.0,no violations,no violations,no violations,no violations,no violations,0.0,1.0,0.0,1,0,0,0,3.0,0,Brooklyn
1168,53,35.0,726 FRANKLIN AVENUE,S9,STEVE BAILEY,6.0,3011680053,3.0,20060106,LL6291,16430,V-DOB VIOLATION - ACTIVE,LL6291-LOCAL LAW 62/91 - BOILERS                                       BOILER  REQUIRED,10.0,1.0,10.0,1,1,0,0,10.0,1,Brooklyn
5222,47,20.0,49-03 KISSENA BOULEVARD,B1,4903 KISSENA LLC,2.0,4052220047,4.0,no violations,no violations,no violations,no violations,no violations,0.0,0.0,0.0,0,0,1,0,0.0,0,Queens
4780,107,45.0,1252 UTICA AVENUE,K1,212 FIFTH AVENUE LLC,0.0,3047800107,3.0,no violations,no violations,no violations,no violations,no violations,0.0,1.0,0.0,1,0,0,1,4.0,0,Brooklyn
7807,27,23.0,82-17 215 STREET,A1,KALVODA ROBERTO TRUST,1.0,4078070027,4.0,no violations,no violations,no violations,no violations,no violations,0.0,0.0,0.0,0,0,1,0,0.0,0,Queens
8115,37,42.0,9720 AVENUE B,G7,EM MA 9720 AVENUE B LLC,0.0,3081150037,3.0,no violations,no violations,no violations,no violations,no violations,0.0,1.0,0.0,1,0,0,1,4.0,0,Brooklyn
5026,2,20.0,38-33 147 STREET,C0,H RODRIGUES,3.0,4050260002,4.0,no violations,no violations,no violations,no violations,no violations,0.0,0.0,0.0,0,0,1,0,0.0,0,Queens
7826,20,45.0,1960 EAST 46 STREET,C1,1495-99 EAST 46 STREET CORP.,22.0,3078260020,3.0,20040213,LL6291,13314,V-DOB VIOLATION - ACTIVE,LL6291-LOCAL LAW 62/91 - BOILERS                                       BOILER  REQUIRED,157.0,1.0,157.0,1,1,1,0,83.5,1,Brooklyn
1233,1,36.0,115 ROGERS AVENUE,C7,TYC REALTY INC,7.0,3012330001,3.0,20220601,C,22-01614,V-DOB VIOLATION - ACTIVE,C-CONSTRUCTION                                                    OTHER   OPTIONAL,0.0,1.0,0.0,1,1,1,0,5.0,0,Brooklyn
7836,25,46.0,1253 EAST 56 STREET,B1,"ST. VIL, YVES",2.0,3078360025,3.0,no violations,no violations,no violations,no violations,no violations,0.0,0.0,0.0,0,0,1,0,0.0,0,Brooklyn
1968,22,36.0,376 GREENE AVENUE,C0,"SYLVESTRE, JACQUES",3.0,3019680022,3.0,20160420,AEUHAZ1,00134,V-DOB VIOLATION - ACTIVE,AEUHAZ1-FAIL TO CERTIFY CLASS 1                                         NONE,30.0,1.0,30.0,1,1,1,0,20.0,1,Brooklyn
5305,88,39.0,3366 12 AVENUE,C0,MARRI TERESA,3.0,3053050088,3.0,no violations,no violations,no violations,no violations,no violations,0.0,0.0,0.0,0,0,1,0,0.0,0,Brooklyn
4678,7,41.0,814 LINDEN BOULEVARD,B2,"HARRIS, AS SPECIFIC DEVISEE, DEBBIE A",2.0,3046780007,3.0,no violations,no violations,no violations,no violations,no violations,0.0,1.0,0.0,1,0,1,0,3.0,0,Brooklyn
1,10,49.0,139 BAY STREET,E1,G.R.P. GROUP HOOLDINGS LLC,0.0,5000010010,5.0,20161201,EVCAT1,05040,V-DOB VIOLATION - ACTIVE,EVCAT1-ELEVATOR ANNUAL INSPECTION / TEST                               ELEVATORREQUIRED,0.0,1.0,0.0,1,1,0,1,6.0,1,Staten Island
5387,1,39.0,306 CORTELYOU ROAD,S3,"TAVERAS, FRANCISCO",3.0,3053870001,3.0,20230425,LBLVIO,10991,V-DOB VIOLATION - ACTIVE,LBLVIO-LOW PRESSURE BOILER                                             BOILER  REQUIRED,1.0,1.0,1.0,1,1,0,0,5.5,1,Brooklyn
2376,28,51.0,147 KEATING PLACE,A5,"SHI, YEE YUNG",1.0,5023760028,5.0,no violations,no violations,no violations,no violations,no violations,0.0,1.0,0.0,1,0,1,0,3.0,0,Staten Island
6429,43,20.0,149-17 REEVES AVENUE,A5,"CHEN, KEVIN",1.0,4064290043,4.0,no violations,no violations,no violations,no violations,no violations,0.0,0.0,0.0,0,0,1,0,0.0,0,Queens
8812,122,48.0,95 NEPTUNE AVENUE,C0,MAHMOOD HASSAN,3.0,3088120122,3.0,no violations,no violations,no violations,no violations,no violations,0.0,1.0,0.0,1,0,1,0,3.0,0,Brooklyn
1175,85,35.0,567 ST JOHNS PLACE,C1,"TEMA, GERARD",8.0,3011750085,3.0,20140101,AEUHAZ1,00090,V-DOB VIOLATION - ACTIVE,AEUHAZ1-FAIL TO CERTIFY CLASS 1                                         NONE,91.0,1.0,91.0,1,1,1,0,50.5,1,Brooklyn
1305,1,35.0,355 ROGERS AVENUE,C7,219 REALTY GROUP,25.0,3013050001,3.0,19930816,LL6291,38948,V-DOB VIOLATION - ACTIVE,LL6291-LOCAL LAW 62/91 - BOILERS                                       BOILER  REQUIRED,64.0,1.0,64.0,1,1,1,0,37.0,1,Brooklyn
7596,46,45.0,3216 AVENUE I,B2,"SKYERS, MARCIA",2.0,3075960046,3.0,20190724,AEUHAZ1,00541,V-DOB VIOLATION - ACTIVE,AEUHAZ1-FAIL TO CERTIFY CLASS 1                                         NONE,4.0,1.0,4.0,1,1,1,0,7.0,1,Brooklyn
5370,1,39.0,569 MCDONALD AVENUE,M1,BAITUL- JANNAH ZAME M,1.0,3053700001,3.0,20090101,LL6291,16200,V-DOB VIOLATION - ACTIVE,LL6291-LOCAL LAW 62/91 - BOILERS                                       BOILER  REQUIRED,2.0,0.0,2.0,0,1,0,0,3.0,0,Brooklyn
4700,6,45.0,5214 CHURCH AVENUE,S5,"FOYLE, FRANKLYN T",5.0,3047000006,3.0,20090101,LL6291,14635,V-DOB VIOLATION - ACTIVE,LL6291-LOCAL LAW 62/91 - BOILERS                                       BOILER  REQUIRED,30.0,0.0,30.0,0,1,0,0,17.0,1,Brooklyn
5393,25,39.0,800 CONEY ISLAND AVENUE,G1,"FIRST 800CONEYISLAND, LLC",0.0,3053930025,3.0,20230620,LBLVIO,12503,V-DOB VIOLATION - ACTIVE,LBLVIO-LOW PRESSURE BOILER                                             BOILER  REQUIRED,0.0,1.0,0.0,1,1,0,1,6.0,1,Brooklyn
4703,2,45.0,5504 CHURCH AVENUE,S2,ROWL DELORES,2.0,3047030002,3.0,20080103,LL6291,15444,V-DOB VIOLATION - ACTIVE,LL6291-LOCAL LAW 62/91 - BOILERS                                       BOILER  REQUIRED,0.0,1.0,0.0,1,1,0,0,5.0,0,Brooklyn
5196,122,20.0,43-41 SMART STREET,B2,"LI, KWONG CHIU",2.0,4051960122,4.0,20040602,C,ER02DM,V-DOB VIOLATION - ACTIVE,C-CONSTRUCTION                                                    OTHER   OPTIONAL,0.0,0.0,0.0,0,1,1,0,2.0,0,Queens
785,37,50.0,174 MARTIN AVENUE,A2,"LABIN, JACOB",1.0,5007850037,5.0,no violations,no violations,no violations,no violations,no violations,0.0,0.0,0.0,0,0,1,0,0.0,0,Staten Island
5084,56,40.0,728 ROGERS AVENUE,S5,SHV ARTS INC,5.0,3050840056,3.0,20240923,LBLVIO,11474,V-DOB VIOLATION - ACTIVE,LBLVIO-LOW PRESSURE BOILER                                             BOILER  REQUIRED,6.0,1.0,6.0,1,1,0,0,8.0,1,Brooklyn
15818,47,31.0,181 BEACH 26 STREET,B1,DIANA LION LLC,2.0,4158180047,4.0,no violations,no violations,no violations,no violations,no violations,0.0,0.0,0.0,0,0,1,0,0.0,0,Queens
9,28,49.0,78 RICHMOND TERRACE,Y2,NYC POLICE DEPARTMENT,0.0,5000090028,5.0,20230620,LBLVIO,07174,V-DOB VIOLATION - ACTIVE,LBLVIO-LOW PRESSURE BOILER                                             BOILER  REQUIRED,0.0,0.0,0.0,0,1,0,1,3.0,0,Staten Island
5054,35,40.0,730 FLATBUSH AVENUE,C7,J & J 730,19.0,3050540035,3.0,20201102,BENCH,00663,V-DOB VIOLATION - ACTIVE,BENCH-FAILURE TO BENCHMARK                                            NONE,55.0,1.0,55.0,1,1,1,0,32.5,1,Brooklyn
6719,54,44.0,1053 EAST 17 STREET,A1,"CHAIFETZ, YITZCHOK Y",1.0,3067190054,3.0,no violations,no violations,no violations,no violations,no violations,0.0,0.0,0.0,0,0,1,0,0.0,0,Brooklyn
1703,81,21.0,32-11 108 STREET,B1,"DE LA CRUZ, FAUSTINOE",2.0,4017030081,4.0,no violations,no violations,no violations,no violations,no violations,0.0,0.0,0.0,0,0,1,0,0.0,0,Queens
7761,54,45.0,910 EAST 58 STREET,B9,NORBERT WALROND,2.0,3077610054,3.0,no violations,no violations,no violations,no violations,no violations,0.0,1.0,0.0,1,0,1,0,3.0,0,Brooklyn
7780,8,46.0,1165 EAST 54 STREET,D4,KINGS VILLAGE CORP.,156.0,3077800008,3.0,20120817,LL11/98,HAZ73678,V-DOB VIOLATION - ACTIVE,LL11/98-LOCAL LAW 11/98 - FACADE                                        FACADE  OPTIONAL,70.0,0.0,70.0,0,1,1,0,37.0,1,Brooklyn
16083,1,31.0,357 BEACH 70 STREET,S9,226-17 REALTY INC.,4.0,4160830001,4.0,20130301,LBLVIO,16072,V-DOB VIOLATION - ACTIVE,LBLVIO-LOW PRESSURE BOILER                                             BOILER  REQUIRED,30.0,1.0,30.0,1,1,0,0,20.0,1,Queens
8512,57,46.0,1874 EAST 52 STREET,B1,"BRAITHWAITE, DEXTER  O",2.0,3085120057,3.0,no violations,no violations,no violations,no violations,no violations,0.0,0.0,0.0,0,0,1,0,0.0,0,Brooklyn
2016,40,36.0,1126 FULTON STREET,S5,KLANSTUY REALTY LLC 25%,6.0,3020160040,3.0,20240923,LBLVIO,09352,V-DOB VIOLATION - ACTIVE,LBLVIO-LOW PRESSURE BOILER                                             BOILER  REQUIRED,4.0,0.0,4.0,0,1,0,0,4.0,0,Brooklyn
7775,36,45.0,1277 EAST 49 STREET,A5,"DUBUISSION, DAJAMENFULD",1.0,3077750036,3.0,no violations,no violations,no violations,no violations,no violations,2.0,0.0,2.0,0,0,1,0,1.0,0,Brooklyn
7929,29,45.0,5444 KINGS HIGHWAY,A5,MARY O GAY,1.0,3079290029,3.0,no violations,no violations,no violations,no violations,no violations,0.0,0.0,0.0,0,0,1,0,0.0,0,Brooklyn
13656,61,31.0,253-51 149 DRIVE,B2,"AIKMAN, SHARON",2.0,4136560061,4.0,no violations,no violations,no violations,no violations,no violations,0.0,0.0,0.0,0,0,1,0,0.0,0,Queens
3594,23,50.0,26 FREMONT AVENUE,A1,"SCHIMENTI, FRANK J",1.0,5035940023,5.0,no violations,no violations,no violations,no violations,no violations,0.0,0.0,0.0,0,0,1,0,0.0,0,Staten Island
4306,15,50.0,29 PROSPECT PLACE,A1,"CAPOBIANCO, JEAN T",1.0,5043060015,5.0,no violations,no violations,no violations,no violations,no violations,0.0,0.0,0.0,0,0,1,0,0.0,0,Staten Island
16121,143,32.0,87-06 ROCKAWAY BEACH BLVD,K4,"BEACH 116TH STREET,    .",2.0,4161210143,4.0,19990316,LL6291,30756,V-DOB VIOLATION - ACTIVE,LL6291-LOCAL LAW 62/91 - BOILERS                                       BOILER  REQUIRED,0.0,1.0,0.0,1,1,0,0,5.0,0,Queens
1175,69,35.0,609 ST JOHNS PLACE,C1,ST. JOHNS PROPERTIES LLC,13.0,3011750069,3.0,20180406,LBLVIO,10051,V-DOB VIOLATION - ACTIVE,LBLVIO-LOW PRESSURE BOILER                                             BOILER  REQUIRED,3.0,0.0,3.0,0,1,1,0,3.5,0,Brooklyn
4693,17,41.0,465 EAST 96 STREET,B1,BEVERLY SWEET,2.0,3046930017,3.0,no violations,no violations,no violations,no violations,no violations,0.0,1.0,0.0,1,0,1,0,3.0,0,Brooklyn
1142,16,35.0,972 DEAN STREET,F5,"9K GROUP, LLC",0.0,3011420016,3.0,20121001,EVCAT1,02531,V-DOB VIOLATION - ACTIVE,EVCAT1-ELEVATOR ANNUAL INSPECTION / TEST                               ELEVATORREQUIRED,0.0,1.0,0.0,1,1,0,1,6.0,1,Brooklyn
5090,51,40.0,804 ROGERS AVENUE,B1,EVANGELICAL CHRISTIAN CHURCH OF BROOKLYN,2.0,3050900051,3.0,19930601,LL6291,10226,V-DOB VIOLATION - ACTIVE,LL6291-LOCAL LAW 62/91 - BOILERS                                       BOILER  REQUIRED,3.0,1.0,3.0,1,1,1,0,6.5,1,Brooklyn
1219,6,36.0,1022 BERGEN STREET,S1,EBENEZER WES METH CH,1.0,3012190006,3.0,20230620,LBLVIO,23943,V-DOB VIOLATION - ACTIVE,LBLVIO-LOW PRESSURE BOILER                                             BOILER  REQUIRED,0.0,0.0,0.0,0,1,0,0,2.0,0,Brooklyn
7591,11,45.0,983 EAST 27 STREET,B1,"RIVKA RIVA HOROWITZ, AS TRUSTEE",2.0,3075910011,3.0,no violations,no violations,no violations,no violations,no violations,0.0,0.0,0.0,0,0,1,0,0.0,0,Brooklyn
5188,4,20.0,143-32 ASH AVENUE,B2,"WANG, ZHEN MING",2.0,4051880004,4.0,no violations,no violations,no violations,no violations,no violations,0.0,0.0,0.0,0,0,1,0,0.0,0,Queens
1860,4,36.0,1257 BEDFORD AVENUE,S5,MEGHNA REALTY CORP.,5.0,3018600004,3.0,no violations,no violations,no violations,no violations,no violations,14.0,1.0,14.0,1,0,0,0,10.0,1,Brooklyn
15905,287,31.0,64-13 OCEAN AVENUE SOUTH,B2,"YANG, YUSHI",2.0,4159050287,4.0,no violations,no violations,no violations,no violations,no violations,0.0,0.0,0.0,0,0,1,0,0.0,0,Queens
6982,50,24.0,74-12 175 STREET,A5,J GRUBER,1.0,4069820050,4.0,no violations,no violations,no violations,no violations,no violations,0.0,0.0,0.0,0,0,1,0,0.0,0,Queens
1812,56,36.0,402 NOSTRAND AVENUE,S5,402 NOSTRAND LLC,6.0,3018120056,3.0,19990316,LL6291,16786,V-DOB VIOLATION - ACTIVE,LL6291-LOCAL LAW 62/91 - BOILERS                                       BOILER  REQUIRED,24.0,1.0,24.0,1,1,0,0,17.0,1,Brooklyn
5045,35,40.0,64 HAWTHORNE STREET,C1,64 HAWTHORNE LLC,8.0,3050450035,3.0,20150303,LBLVIO,10514,V-DOB VIOLATION - ACTIVE,LBLVIO-LOW PRESSURE BOILER                                             BOILER  REQUIRED,1.0,0.0,1.0,0,1,1,0,2.5,0,Brooklyn
5374,64,39.0,541 EAST 5 STREET,A1,"SILBER, YERUCHIM",1.0,3053740064,3.0,no violations,no violations,no violations,no violations,no violations,0.0,0.0,0.0,0,0,1,0,0.0,0,Brooklyn
6733,6,20.0,155-09 HORACE HARDING EXPWY,B1,"YEH, WINNIE WENLING",2.0,4067330006,4.0,no violations,no violations,no violations,no violations,no violations,0.0,0.0,0.0,0,0,1,0,0.0,0,Queens
8539,42,46.0,3918 AVENUE T,A5,"KUSHNIR, ALEX",1.0,3085390042,3.0,no violations,no violations,no violations,no violations,no violations,0.0,0.0,0.0,0,0,1,0,0.0,0,Brooklyn
4620,47,41.0,651 UTICA AVENUE,E7,"SS NYC UTICA, L.L.C.",0.0,3046200047,3.0,20240503,BENCH,00482,V-DOB VIOLATION - ACTIVE,BENCH-FAILURE TO BENCHMARK                                            NONE,0.0,0.0,0.0,0,1,0,1,3.0,0,Brooklyn
7778,77,46.0,1244 EAST 53 STREET,A5,THE HENRY FAMILY IRREVOCABLE TRUST,1.0,3077780077,3.0,no violations,no violations,no violations,no violations,no violations,0.0,0.0,0.0,0,0,1,0,0.0,0,Brooklyn
4309,122,50.0,2671 AMBOY ROAD,A1,"ROSEMARIE RAGNATELLI, AS TTE",1.0,5043090122,5.0,no violations,no violations,no violations,no violations,no violations,0.0,0.0,0.0,0,0,1,0,0.0,0,Staten Island
4405,1,20.0,133-05 32 AVENUE,E1,HIGGINS AVENUE LLC,0.0,4044050001,4.0,no violations,no violations,no violations,no violations,no violations,0.0,0.0,0.0,0,0,0,1,1.0,0,Queens
5359,53,39.0,427 EAST 7 STREET,A1,427 EAST 7TH STREET LIMITED LIABILITY CO MPANY,1.0,3053590053,3.0,no violations,no violations,no violations,no violations,no violations,0.0,0.0,0.0,0,0,1,0,0.0,0,Brooklyn
5297,70,39.0,1319 41 STREET,C2,ORTEGRO REALTY LLC,6.0,3052970070,3.0,20230620,LBLVIO,12900,V-DOB VIOLATION - ACTIVE,LBLVIO-LOW PRESSURE BOILER                                             BOILER  REQUIRED,2.0,1.0,2.0,1,1,1,0,6.0,1,Brooklyn
5104,45,20.0,132-49 AVERY AVENUE,B1,"HIEW, CAL",2.0,4051040045,4.0,20050419,C,C0714JG,V-DOB VIOLATION - ACTIVE,C-CONSTRUCTION                                                    OTHER   OPTIONAL,0.0,0.0,0.0,0,1,1,0,2.0,0,Queens
7613,37,23.0,64-72 213 STREET,A3,"CHEN, ZHENFENG",1.0,4076130037,4.0,no violations,no violations,no violations,no violations,no violations,0.0,0.0,0.0,0,0,1,0,0.0,0,Queens
1823,4,36.0,393 NOSTRAND AVENUE,C3,IDRIS APPLEWHITE,4.0,3018230004,3.0,20171015,P,PL0312GG,V-DOB VIOLATION - ACTIVE,P-PLUMBING                                                        NONE,26.0,1.0,26.0,1,1,1,0,18.0,1,Brooklyn
5625,70,38.0,923 48 STREET,O2,MAIMONIDES CENTER,0.0,3056250070,3.0,19930601,LL6291,14312,V-DOB VIOLATION - ACTIVE,LL6291-LOCAL LAW 62/91 - BOILERS                                       BOILER  REQUIRED,0.0,0.0,0.0,0,1,0,1,3.0,0,Brooklyn
1813,5,36.0,359 NOSTRAND AVENUE,S9,GAYLEVAULT FINANCIAL SERVICES,2.0,3018130005,3.0,20230630,LBLVIO,16228,V-DOB VIOLATION - ACTIVE,LBLVIO-LOW PRESSURE BOILER                                             BOILER  REQUIRED,2.0,0.0,2.0,0,1,0,0,3.0,0,Brooklyn
7734,1,45.0,5021 AVENUE H,B1,"PETERS, MARK L",2.0,3077340001,3.0,no violations,no violations,no violations,no violations,no violations,0.0,0.0,0.0,0,0,1,0,0.0,0,Brooklyn
1162,55,35.0,728 CLASSON AVENUE,C2,MARVA GITTENS,6.0,3011620055,3.0,19950829,LL6291,24385,V-DOB VIOLATION - ACTIVE,LL6291-LOCAL LAW 62/91 - BOILERS                                       BOILER  REQUIRED,0.0,1.0,0.0,1,1,1,0,5.0,0,Brooklyn
949,14,50.0,20 BEACON AVENUE,A0,"KONCEWICZ, KRZYSZTOF",1.0,5009490014,5.0,no violations,no violations,no violations,no violations,no violations,0.0,0.0,0.0,0,0,1,0,0.0,0,Staten Island
8208,33,19.0,246-27 VAN ZANDT AVENUE,A0,"CARLUCCI, MICHAEL",1.0,4082080033,4.0,no violations,no violations,no violations,no violations,no violations,0.0,0.0,0.0,0,0,1,0,0.0,0,Queens
16091,3,31.0,257 BEACH BREEZE LANE,B2,"HART, BENJAMIN",2.0,4160910003,4.0,no violations,no violations,no violations,no violations,no violations,0.0,0.0,0.0,0,0,1,0,0.0,0,Queens
5386,7,39.0,220 CORTELYOU ROAD,S2,MIKVAH OF KENSINGTON,2.0,3053860007,3.0,19961202,C,1201TM,V-DOB VIOLATION - ACTIVE,C-CONSTRUCTION                                                    OTHER   OPTIONAL,3.0,1.0,3.0,1,1,0,0,6.5,1,Brooklyn
1246,14,35.0,750 STERLING PLACE,C0,MAX HALL,3.0,3012460014,3.0,no violations,no violations,no violations,no violations,no violations,0.0,0.0,0.0,0,0,1,0,0.0,0,Brooklyn
8537,25,46.0,2139 EAST 37 STREET,A9,"DE MATTEO, JOANNE",1.0,3085370025,3.0,no violations,no violations,no violations,no violations,no violations,0.0,0.0,0.0,0,0,1,0,0.0,0,Brooklyn
7617,17,45.0,1155 EAST 35 STREET,C1,"MIDWOOD 35TH REALTY, LLC",38.0,3076170017,3.0,20240802,BENCH,00543,V-DOB VIOLATION - ACTIVE,BENCH-FAILURE TO BENCHMARK                                            NONE,107.0,1.0,107.0,1,1,1,0,58.5,1,Brooklyn
1142,16,35.0,972 DEAN STREET,F5,"9K GROUP, LLC",0.0,3011420016,3.0,20140331,EVCAT1,04859,V-DOB VIOLATION - ACTIVE,EVCAT1-ELEVATOR ANNUAL INSPECTION / TEST                               ELEVATORREQUIRED,0.0,1.0,0.0,1,1,0,1,6.0,1,Brooklyn
6699,13,45.0,816 EAST 16 STREET,C3,"MARWA MANAGEMENT, INC",4.0,3066990013,3.0,20010227,LL6291,23544,V-DOB VIOLATION - ACTIVE,LL6291-LOCAL LAW 62/91 - BOILERS                                       BOILER  REQUIRED,0.0,1.0,0.0,1,1,1,0,5.0,0,Brooklyn
15843,45,31.0,ROCKAWAY BEACH BOULEVARD,V1,"EC PARCEL, L.L.C.",0.0,4158430045,4.0,no violations,no violations,no violations,no violations,no violations,0.0,0.0,0.0,0,0,0,1,1.0,0,Queens
5393,19,39.0,786 CONEY ISLAND AVENUE,K2,786 CONEY ISLAND AVE LLC,0.0,3053930019,3.0,20090101,LL6291,15670,V-DOB VIOLATION - ACTIVE,LL6291-LOCAL LAW 62/91 - BOILERS                                       BOILER  REQUIRED,0.0,1.0,0.0,1,1,0,1,6.0,1,Brooklyn
8369,348,46.0,1367 EAST 70 STREET,B2,"SLEEPY HOLLOW DEVELOPMENT CO.,",2.0,3083690348,3.0,no violations,no violations,no violations,no violations,no violations,0.0,0.0,0.0,0,0,1,0,0.0,0,Brooklyn
5190,22,20.0,143-23 CHERRY AVENUE,B1,"WANG, WEN JIN",2.0,4051900022,4.0,no violations,no violations,no violations,no violations,no violations,0.0,0.0,0.0,0,0,1,0,0.0,0,Queens
7879,6,46.0,1571 EAST 54 STREET,B9,"LAZARRE, CHYLLA",2.0,3078790006,3.0,no violations,no violations,no violations,no violations,no violations,0.0,1.0,0.0,1,0,1,0,3.0,0,Brooklyn
2972,10,49.0,177 VIRGINIA AVENUE,B9,"ARIAS, HUGO MANUEL",2.0,5029720010,5.0,no violations,no violations,no violations,no violations,no violations,0.0,0.0,0.0,0,0,1,0,0.0,0,Staten Island
1168,53,35.0,726 FRANKLIN AVENUE,S9,STEVE BAILEY,6.0,3011680053,3.0,20130301,LBLVIO,06572,V-DOB VIOLATION - ACTIVE,LBLVIO-LOW PRESSURE BOILER                                             BOILER  REQUIRED,10.0,1.0,10.0,1,1,0,0,10.0,1,Brooklyn
1205,14,35.0,1142 PACIFIC STREET,I7,"PROMESA RESIDENTIAL HEALTH CARE FACILITY , INC.",80.0,3012050014,3.0,19970113,LL1081,02633,V-DOB VIOLATION - ACTIVE,LL1081-LOCAL LAW 10/81 - ELEVATOR                                      ELEVATOROPTIONAL,0.0,1.0,0.0,1,1,0,0,5.0,0,Brooklyn
1248,107,35.0,737 NOSTRAND AVENUE,S5,THE LENA HIBBERT IRREVOCABLE TRUST,5.0,3012480107,3.0,20090101,LL6291,18494,V-DOB VIOLATION - ACTIVE,LL6291-LOCAL LAW 62/91 - BOILERS                                       BOILER  REQUIRED,2.0,0.0,2.0,0,1,0,0,3.0,0,Brooklyn
6716,25,44.0,1050 EAST 15 STREET,C2,"JANJUA, ZULIFQAR A.",6.0,3067160025,3.0,20150303,LBLVIO,09351,V-DOB VIOLATION - ACTIVE,LBLVIO-LOW PRESSURE BOILER                                             BOILER  REQUIRED,17.0,1.0,17.0,1,1,1,0,13.5,1,Brooklyn
5653,10,44.0,5106 FT HAMILTON PARKWAY,S2,5106 FORT HAMILTON LLC,2.0,3056530010,3.0,20091102,C,1212TS,V-DOB VIOLATION - ACTIVE,C-CONSTRUCTION                                                    OTHER   OPTIONAL,0.0,0.0,0.0,0,1,0,0,2.0,0,Brooklyn
8380,43,46.0,1522 EAST 59 STREET,A5,ALPHONSO DOUGLAS,1.0,3083800043,3.0,no violations,no violations,no violations,no violations,no violations,0.0,0.0,0.0,0,0,1,0,0.0,0,Brooklyn
1247,60,35.0,811 ST JOHNS PLACE,C2,UNAVAILABLE OWNER,6.0,3012470060,3.0,20230620,LBLVIO,26079,V-DOB VIOLATION - ACTIVE,LBLVIO-LOW PRESSURE BOILER                                             BOILER  REQUIRED,48.0,1.0,48.0,1,1,1,0,29.0,1,Brooklyn
5344,29,39.0,1458 41 STREET,B1,"BREIER, MOISHE",2.0,3053440029,3.0,20200902,AEUHAZ1,04516,V-DOB VIOLATION - ACTIVE,AEUHAZ1-FAIL TO CERTIFY CLASS 1                                         NONE,0.0,1.0,0.0,1,1,1,0,5.0,0,Brooklyn
5371,89,13.0,3054 EAST TREMONT AVENUE,S5,DUDLEY REALTY CORP,5.0,2053710089,2.0,20170224,LBLVIO,04199,V-DOB VIOLATION - ACTIVE,LBLVIO-LOW PRESSURE BOILER                                             BOILER  REQUIRED,0.0,0.0,0.0,0,1,0,0,2.0,0,Bronx
5189,1,45.0,2302 CLARENDON ROAD,C1,301 EAST 23RD STREETREALTY,20.0,3051890001,3.0,20111213,LBLVIO,13503,V-DOB VIOLATION - ACTIVE,LBLVIO-LOW PRESSURE BOILER                                             BOILER  REQUIRED,32.0,1.0,32.0,1,1,1,0,21.0,1,Brooklyn
7596,57,45.0,1796 NEW YORK AVENUE,A9,"HINDY, MORDECHAI K",1.0,3075960057,3.0,no violations,no violations,no violations,no violations,no violations,0.0,0.0,0.0,0,0,1,0,0.0,0,Brooklyn
7945,25,23.0,224-10 HILLSIDE AVENUE,C6,UNITED VETERANS MUTUAL HOUSING COMPANY INC.,132.0,4079450025,4.0,20010227,LL6291,28606,V-DOB VIOLATION - ACTIVE,LL6291-LOCAL LAW 62/91 - BOILERS                                       BOILER  REQUIRED,0.0,0.0,0.0,0,1,1,0,2.0,0,Queens
5053,130,20.0,41-37 147 STREET,B1,"MUI, HENRY HANGLEI",2.0,4050530130,4.0,no violations,no violations,no violations,no violations,no violations,0.0,0.0,0.0,0,0,1,0,0.0,0,Queens
6579,83,24.0,139-19 72 ROAD,S1,CONGREGATION BETH JOSEPH,1.0,4065790083,4.0,20220728,C,22-02439,V-DOB VIOLATION - ACTIVE,C-CONSTRUCTION                                                    OTHER   OPTIONAL,0.0,0.0,0.0,0,1,0,0,2.0,0,Queens
513,5,49.0,560 BAY STREET,K4,"STATEN ISLAND BEACH, LLC",0.0,5005130005,5.0,20210602,BENCH,01764,V-DOB VIOLATION - ACTIVE,BENCH-FAILURE TO BENCHMARK                                            NONE,0.0,1.0,0.0,1,1,0,1,6.0,1,Staten Island
2017,31,36.0,1168 FULTON STREET,S3,"CHOWDURY, SHAMEEM",3.0,3020170031,3.0,20070119,LL6291,16784,V-DOB VIOLATION - ACTIVE,LL6291-LOCAL LAW 62/91 - BOILERS                                       BOILER  REQUIRED,2.0,1.0,2.0,1,1,0,0,6.0,1,Brooklyn
2016,81,36.0,149 LEFFERTS PLACE,C3,LORNA FAIRWEATHER &,4.0,3020160081,3.0,20230425,LBLVIO,19361,V-DOB VIOLATION - ACTIVE,LBLVIO-LOW PRESSURE BOILER                                             BOILER  REQUIRED,0.0,0.0,0.0,0,1,1,0,2.0,0,Brooklyn
5000,37,20.0,34-20 150 PLACE,A1,"BAI, JING",1.0,4050000037,4.0,no violations,no violations,no violations,no violations,no violations,0.0,0.0,0.0,0,0,1,0,0.0,0,Queens
7912,50,23.0,226-26 UNION TURNPIKE,D4,CAMBRIDGE HALL TENANTS CORP,191.0,4079120050,4.0,20210429,EGRADE,2004763,V-DOB VIOLATION - ACTIVE,EGRADE-FAILURE TO POST ENERGY GRADE/SCORE                              NONE,11.0,0.0,11.0,0,1,1,0,7.5,1,Queens
5061,6,20.0,131-20 41 AVENUE,G1,EASLE REALTY CORP.,0.0,4050610006,4.0,20170227,E,9027/596647,V-DOB VIOLATION - ACTIVE,E-ELEVATOR                                                        ELEVATORREQUIRED,1.0,1.0,1.0,1,1,0,1,6.5,1,Queens
2840,113,49.0,27 GREENFIELD AVENUE,A5,"ZENG, JING GUANG",1.0,5028400113,5.0,no violations,no violations,no violations,no violations,no violations,0.0,0.0,0.0,0,0,1,0,0.0,0,Staten Island
13620,28,31.0,248-10 HOOK CREEK BOULEVARD,B3,"BISPAT, PETRINA",2.0,4136200028,4.0,no violations,no violations,no violations,no violations,no violations,0.0,0.0,0.0,0,0,1,0,0.0,0,Queens
2766,92,17.0,1315 RANDALL AVENUE,F5,A & M CARPENTRY DESIGNS CORP.,0.0,2027660092,2.0,20030319,LL6291,09555,V-DOB VIOLATION - ACTIVE,LL6291-LOCAL LAW 62/91 - BOILERS                                       BOILER  REQUIRED,0.0,1.0,0.0,1,1,0,1,6.0,1,Bronx
5042,6,40.0,647 FLATBUSH AVENUE,C1,"423 FLATBUSH, LLC",8.0,3050420006,3.0,20160406,AEUHAZ1,00208,V-DOB VIOLATION - ACTIVE,AEUHAZ1-FAIL TO CERTIFY CLASS 1                                         NONE,94.0,1.0,94.0,1,1,1,0,52.0,1,Brooklyn
5409,355,13.0,3336 POLO PLACE,A1,"JARA, ANGELES",1.0,2054090355,2.0,no violations,no violations,no violations,no violations,no violations,0.0,0.0,0.0,0,0,1,0,0.0,0,Bronx
3601,7,50.0,54 BANCROFT AVENUE,A1,"PEPEL, EILEEN",1.0,5036010007,5.0,no violations,no violations,no violations,no violations,no violations,0.0,0.0,0.0,0,0,1,0,0.0,0,Staten Island
7322,22,48.0,2038 EAST 18 STREET,B1,YAN YAN LI,2.0,3073220022,3.0,no violations,no violations,no violations,no violations,no violations,0.0,0.0,0.0,0,0,1,0,0.0,0,Brooklyn
529,20,49.0,52 BROAD STREET,A1,SILVER SULLIVAN,1.0,5005290020,5.0,no violations,no violations,no violations,no violations,no violations,0.0,0.0,0.0,0,0,1,0,0.0,0,Staten Island
1778,37,36.0,1 SPENCER COURT,C1,1 SPENCER REALTY & MANAGEMENT LLC,16.0,3017780037,3.0,20020326,LL6291,17429,V-DOB VIOLATION - ACTIVE,LL6291-LOCAL LAW 62/91 - BOILERS                                       BOILER  REQUIRED,10.0,1.0,10.0,1,1,1,0,10.0,1,Brooklyn
7835,49,46.0,1230 EAST 56 STREET,B1,THE GOTTESMAN FAMILY REVOCABLE LIVING TR UST,2.0,3078350049,3.0,no violations,no violations,no violations,no violations,no violations,0.0,0.0,0.0,0,0,1,0,0.0,0,Brooklyn
8,92,49.0,15 HYATT STREET,K7,BANCO SANTANDER S.A.,0.0,5000080092,5.0,20190121,E,9028/645808,V-DOB VIOLATION - ACTIVE,E-ELEVATOR                                                        ELEVATORREQUIRED,0.0,0.0,0.0,0,1,0,1,3.0,0,Staten Island
7687,84,23.0,69-15 228 STREET,A1,"LI, DUO",1.0,4076870084,4.0,no violations,no violations,no violations,no violations,no violations,0.0,0.0,0.0,0,0,1,0,0.0,0,Queens
7628,13,45.0,1179 EAST 28 STREET,A1,"HOFFERT, RAHCHEL",1.0,3076280013,3.0,no violations,no violations,no violations,no violations,no violations,0.0,0.0,0.0,0,0,1,0,0.0,0,Brooklyn
5090,51,40.0,804 ROGERS AVENUE,B1,EVANGELICAL CHRISTIAN CHURCH OF BROOKLYN,2.0,3050900051,3.0,19990316,LL6291,21454,V-DOB VIOLATION - ACTIVE,LL6291-LOCAL LAW 62/91 - BOILERS                                       BOILER  REQUIRED,3.0,1.0,3.0,1,1,1,0,6.5,1,Brooklyn
5296,60,39.0,1239 37 STREET,A1,1239-37TH STREET LLC,1.0,3052960060,3.0,no violations,no violations,no violations,no violations,no violations,0.0,0.0,0.0,0,0,1,0,0.0,0,Brooklyn
8504,4,46.0,3717 AVENUE S,A5,"FLANDERS, JASON",1.0,3085040004,3.0,no violations,no violations,no violations,no violations,no violations,0.0,0.0,0.0,0,0,1,0,0.0,0,Brooklyn
7302,70,48.0,1945 EAST 23 STREET,B3,1945 E 23 RD ST LLC,2.0,3073020070,3.0,no violations,no violations,no violations,no violations,no violations,0.0,1.0,0.0,1,0,1,0,3.0,0,Brooklyn
3637,22,50.0,181 NEW DORP LANE,K1,NEW DORP ACQUISITIONS LLC,0.0,5036370022,5.0,no violations,no violations,no violations,no violations,no violations,0.0,1.0,0.0,1,0,0,1,4.0,0,Staten Island
6619,20,24.0,141-40 71 AVENUE,A5,IZIA DAVIDOV,1.0,4066190020,4.0,no violations,no violations,no violations,no violations,no violations,0.0,0.0,0.0,0,0,1,0,0.0,0,Queens
5219,4,45.0,1908 NEWKIRK AVENUE,C1,"NEWKIRK NOSTRAND EAST SPE OWNER, LLC",22.0,3052190004,3.0,20240923,LBLVIO,11651,V-DOB VIOLATION - ACTIVE,LBLVIO-LOW PRESSURE BOILER                                             BOILER  REQUIRED,44.0,1.0,44.0,1,1,1,0,27.0,1,Brooklyn
1233,37,36.0,778 PROSPECT PLACE,C1,GAYLEVAULT FINANCIAL SERVICES COMPANY,8.0,3012330037,3.0,20230620,LBLVIO,19315,V-DOB VIOLATION - ACTIVE,LBLVIO-LOW PRESSURE BOILER                                             BOILER  REQUIRED,10.0,1.0,10.0,1,1,1,0,10.0,1,Brooklyn
5610,7507,44.0,1270 44TH STREET,RM,1270 44TH HODINGS LLC,8.0,3056107507,3.0,no violations,no violations,no violations,no violations,no violations,0.0,0.0,0.0,0,0,0,0,0.0,0,Brooklyn
7788,59,45.0,1922 ALBANY AVENUE,A1,"JOHNSON, YVONNE",1.0,3077880059,3.0,no violations,no violations,no violations,no violations,no violations,0.0,0.0,0.0,0,0,1,0,0.0,0,Brooklyn
7616,42,23.0,215-11 67 AVENUE,A2,"ZHOU, JIE",1.0,4076160042,4.0,no violations,no violations,no violations,no violations,no violations,0.0,0.0,0.0,0,0,1,0,0.0,0,Queens
5066,84,40.0,237 LENOX ROAD,C3,FRANCIS JOHN REVOCABLE LIVING TRUST,4.0,3050660084,3.0,no violations,no violations,no violations,no violations,no violations,0.0,0.0,0.0,0,0,1,0,0.0,0,Brooklyn
3624,57,42.0,616 CHESTER STREET,C3,BERTYL A ANDREWS,4.0,3036240057,3.0,no violations,no violations,no violations,no violations,no violations,0.0,0.0,0.0,0,0,1,0,0.0,0,Brooklyn
4712,25,42.0,575 EAST 91 STREET,C0,"MITCHELL, RUDOLPH",3.0,3047120025,3.0,no violations,no violations,no violations,no violations,no violations,2.0,0.0,2.0,0,0,1,0,1.0,0,Brooklyn
6807,18,48.0,3830 BEDFORD AVENUE,A1,"OVADIA, SHIMON",1.0,3068070018,3.0,20190408,C,1501MH,V-DOB VIOLATION - ACTIVE,C-CONSTRUCTION                                                    OTHER   OPTIONAL,0.0,0.0,0.0,0,1,1,0,2.0,0,Brooklyn
7171,39,24.0,73-28 184 STREET,A1,"LI, WEN WEI",1.0,4071710039,4.0,no violations,no violations,no violations,no violations,no violations,0.0,0.0,0.0,0,0,1,0,0.0,0,Queens
7596,46,45.0,3216 AVENUE I,B2,"SKYERS, MARCIA",2.0,3075960046,3.0,20190724,AEUHAZ1,00541,V-DOB VIOLATION - ACTIVE,AEUHAZ1-FAIL TO CERTIFY CLASS 1                                         NONE,4.0,1.0,4.0,1,1,1,0,7.0,1,Brooklyn
1716,26,33.0,470 FLUSHING AVENUE,O2,470 FLUSHING LLC,0.0,3017160026,3.0,20170103,ACC1,11290,V-DOB VIOLATION - ACTIVE,ACC1-(OTHER BLDGS TYPES) - ELEVATOR AFFIRMATION OF CORRECTION        ELEVATORREQUIRED,0.0,0.0,0.0,0,1,0,1,3.0,0,Brooklyn
524,30,49.0,644 BAY STREET,K4,"TAYEH, IZZAT",2.0,5005240030,5.0,20230630,LBLVIO,18737,V-DOB VIOLATION - ACTIVE,LBLVIO-LOW PRESSURE BOILER                                             BOILER  REQUIRED,0.0,0.0,0.0,0,1,0,0,2.0,0,Staten Island
7851,39,46.0,1445 EAST 53 STREET,A9,NINA DILL 2020 REVOCABLE LIVING TRUST,1.0,3078510039,3.0,no violations,no violations,no violations,no violations,no violations,0.0,0.0,0.0,0,0,1,0,0.0,0,Brooklyn
6739,45,20.0,161-20 59 AVENUE,A1,"LI, MENG",1.0,4067390045,4.0,no violations,no violations,no violations,no violations,no violations,0.0,0.0,0.0,0,0,1,0,0.0,0,Queens
16,54,49.0,350 ST MARKS PLACE,O5,"BALKON REALTY 1 CO., L.P.",0.0,5000160054,5.0,20140331,EVCAT1,04762,V-DOB VIOLATION - ACTIVE,EVCAT1-ELEVATOR ANNUAL INSPECTION / TEST                               ELEVATORREQUIRED,0.0,1.0,0.0,1,1,0,1,6.0,1,Staten Island
5162,18,40.0,810 OCEAN AVENUE,C1,800 OCEAN AVE INC,13.0,3051620018,3.0,19930601,LL6291,27716,V-DOB VIOLATION - ACTIVE,LL6291-LOCAL LAW 62/91 - BOILERS                                       BOILER  REQUIRED,109.0,0.0,109.0,0,1,1,0,56.5,1,Brooklyn
2763,352,17.0,741 WHITTIER STREET,C0,RAMJOHN  WAYNE,3.0,2027630352,2.0,20180307,AEUHAZ1,00137,V-DOB VIOLATION - ACTIVE,AEUHAZ1-FAIL TO CERTIFY CLASS 1                                         NONE,1.0,1.0,1.0,1,1,1,0,5.5,1,Bronx
5033,18,40.0,250 MAPLE STREET,C1,CADORE ESTATE INC,26.0,3050330018,3.0,20160601,LL6291,LL6291,V-DOB VIOLATION - ACTIVE,LL6291-LOCAL LAW 62/91 - BOILERS                                       BOILER  REQUIRED,3.0,1.0,3.0,1,1,1,0,6.5,1,Brooklyn
4722,28,45.0,522 EAST 51 STREET,C2,NPJ123 CORP.,6.0,3047220028,3.0,20230630,LBLVIO,37764,V-DOB VIOLATION - ACTIVE,LBLVIO-LOW PRESSURE BOILER                                             BOILER  REQUIRED,29.0,1.0,29.0,1,1,1,0,19.5,1,Brooklyn
6956,38,24.0,71-11 168 STREET,A1,"KRISHNA, RAJALAKSHMI",1.0,4069560038,4.0,no violations,no violations,no violations,no violations,no violations,0.0,0.0,0.0,0,0,1,0,0.0,0,Queens
5267,43,20.0,40-19 MURRAY STREET,B3,"FUNG, YUK YIP",2.0,4052670043,4.0,no violations,no violations,no violations,no violations,no violations,0.0,0.0,0.0,0,0,1,0,0.0,0,Queens
7597,74,45.0,1683 FLATBUSH AVENUE,S2,JOYCE FRANCIS,2.0,3075970074,3.0,20180406,LBLVIO,08400,V-DOB VIOLATION - ACTIVE,LBLVIO-LOW PRESSURE BOILER                                             BOILER  REQUIRED,8.0,1.0,8.0,1,1,0,0,9.0,1,Brooklyn
5186,7502,20.0,140-37 CHERRY AVENUE,RM,UNAVAILABLE OWNER,21.0,4051867502,4.0,20121113,E,454735/9027,V-DOB VIOLATION - ACTIVE,E-ELEVATOR                                                        ELEVATORREQUIRED,1.0,0.0,1.0,0,1,0,0,2.5,0,Queens
4679,37,41.0,5303 CHURCH AVENUE,S1,TROY BINNS,1.0,3046790037,3.0,19950829,LL6291,27214,V-DOB VIOLATION - ACTIVE,LL6291-LOCAL LAW 62/91 - BOILERS                                       BOILER  REQUIRED,0.0,0.0,0.0,0,1,0,0,2.0,0,Brooklyn
2859,216,49.0,25 DAYNA DRIVE,A5,"FANG, DEDIAN",1.0,5028590216,5.0,no violations,no violations,no violations,no violations,no violations,0.0,0.0,0.0,0,0,1,0,0.0,0,Staten Island
5350,73,39.0,1411 36 STREET,B1,EMMANUEL ROSEMIE,2.0,3053500073,3.0,no violations,no violations,no violations,no violations,no violations,0.0,1.0,0.0,1,0,1,0,3.0,0,Brooklyn
1254,140,35.0,804 NOSTRAND AVENUE,S2,AREP CMBS LLC,2.0,3012540140,3.0,20240923,LBLVIO,08292,V-DOB VIOLATION - ACTIVE,LBLVIO-LOW PRESSURE BOILER                                             BOILER  REQUIRED,0.0,1.0,0.0,1,1,0,0,5.0,0,Brooklyn
14047,80,32.0,161-34 92 STREET,A1,"VENEZIANO, ANTHONY",1.0,4140470080,4.0,no violations,no violations,no violations,no violations,no violations,0.0,0.0,0.0,0,0,1,0,0.0,0,Queens
7731,6,45.0,4711 AVENUE H,A9,"KOUSAR, RUKHSANA",1.0,3077310006,3.0,no violations,no violations,no violations,no violations,no violations,0.0,0.0,0.0,0,0,1,0,0.0,0,Brooklyn
5088,1,40.0,779 ROGERS AVENUE,C7,MARTENSE195,47.0,3050880001,3.0,20211013,AEUHAZ1,00348,V-DOB VIOLATION - ACTIVE,AEUHAZ1-FAIL TO CERTIFY CLASS 1                                         NONE,71.0,1.0,71.0,1,1,1,0,40.5,1,Brooklyn
6825,58,48.0,1877 EAST 19 STREET,B2,"SHANBERG, IRWIN",2.0,3068250058,3.0,no violations,no violations,no violations,no violations,no violations,0.0,0.0,0.0,0,0,1,0,0.0,0,Brooklyn
6732,100,20.0,154-40 59 AVENUE,B1,"CHEN, XUN",2.0,4067320100,4.0,no violations,no violations,no violations,no violations,no violations,0.0,0.0,0.0,0,0,1,0,0.0,0,Queens
5159,23,40.0,410 EAST 17 STREET,D1,404 REALTY ASSOCIATES,30.0,3051590023,3.0,20200902,AEUHAZ1,04444,V-DOB VIOLATION - ACTIVE,AEUHAZ1-FAIL TO CERTIFY CLASS 1                                         NONE,93.0,1.0,93.0,1,1,1,0,51.5,1,Brooklyn
4281,1,42.0,697 EUCLID AVENUE,B1,JYRNY LLC,2.0,3042810001,3.0,no violations,no violations,no violations,no violations,no violations,0.0,0.0,0.0,0,0,1,0,0.0,0,Brooklyn
7662,68,23.0,64-37 CLOVERDALE BOULEVARD,A0,SHARMA PRADEEP,1.0,4076620068,4.0,no violations,no violations,no violations,no violations,no violations,0.0,0.0,0.0,0,0,1,0,0.0,0,Queens
4682,9,41.0,912 LINDEN BOULEVARD,C1,"912 LINDEN BOULEVARD, LLC",16.0,3046820009,3.0,20230425,LBLVIO,17848,V-DOB VIOLATION - ACTIVE,LBLVIO-LOW PRESSURE BOILER                                             BOILER  REQUIRED,191.0,1.0,191.0,1,1,1,0,100.5,1,Brooklyn
1217,31,35.0,986 BERGEN STREET,C2,"HENRY, GERALDINE C",6.0,3012170031,3.0,20050131,LL6291,17159,V-DOB VIOLATION - ACTIVE,LL6291-LOCAL LAW 62/91 - BOILERS                                       BOILER  REQUIRED,1.0,1.0,1.0,1,1,1,0,5.5,1,Brooklyn
5168,19,20.0,56-31 141 STREET,O2,BOOTH MEMORIAL MED CNTR,0.0,4051680019,4.0,no violations,no violations,no violations,no violations,no violations,0.0,0.0,0.0,0,0,0,1,1.0,0,Queens
5219,4,45.0,1908 NEWKIRK AVENUE,C1,"NEWKIRK NOSTRAND EAST SPE OWNER, LLC",22.0,3052190004,3.0,20210429,EGRADE,2003659,V-DOB VIOLATION - ACTIVE,EGRADE-FAILURE TO POST ENERGY GRADE/SCORE                              NONE,44.0,1.0,44.0,1,1,1,0,27.0,1,Brooklyn
3053,27,34.0,177 MONTROSE AVENUE,C2,MONTROSE PROP LLC,6.0,3030530027,3.0,19930816,LL6291,23231,V-DOB VIOLATION - ACTIVE,LL6291-LOCAL LAW 62/91 - BOILERS                                       BOILER  REQUIRED,5.0,1.0,5.0,1,1,1,0,7.5,1,Brooklyn
2784,32,34.0,785 GRAND STREET,S1,JCM GRAND STREET CORP,1.0,3027840032,3.0,19930816,LL6291,31034,V-DOB VIOLATION - ACTIVE,LL6291-LOCAL LAW 62/91 - BOILERS                                       BOILER  REQUIRED,0.0,0.0,0.0,0,1,0,0,2.0,0,Brooklyn
7005,15,24.0,77-27 169 STREET,A1,"PAN, KWAI FONG",1.0,4070050015,4.0,no violations,no violations,no violations,no violations,no violations,0.0,0.0,0.0,0,0,1,0,0.0,0,Queens
1812,25,36.0,346 GATES AVENUE,C1,KOLEL BAIS BARUCH HO,16.0,3018120025,3.0,20080103,LL6291,20020,V-DOB VIOLATION - ACTIVE,LL6291-LOCAL LAW 62/91 - BOILERS                                       BOILER  REQUIRED,20.0,1.0,20.0,1,1,1,0,15.0,1,Brooklyn
5409,67,20.0,43-37 149 STREET,B2,"ZHANG, YAN Y",2.0,4054090067,4.0,no violations,no violations,no violations,no violations,no violations,0.0,0.0,0.0,0,0,1,0,0.0,0,Queens
1967,44,36.0,344 FRANKLIN AVENUE,S2,"HENEGAN, SHIRLEY",2.0,3019670044,3.0,20231004,AEUHAZ1,01611,V-DOB VIOLATION - ACTIVE,AEUHAZ1-FAIL TO CERTIFY CLASS 1                                         NONE,8.0,1.0,8.0,1,1,0,0,9.0,1,Brooklyn
5293,21,39.0,1242 39TH STREET,O2,1240 PROPERTIES 26 LLC,0.0,3052930021,3.0,no violations,no violations,no violations,no violations,no violations,0.0,0.0,0.0,0,0,0,1,1.0,0,Brooklyn
5085,83,40.0,199 LINDEN BOULEVARD,D1,201 LINDEN BLVD PARTNERS LLC,145.0,3050850083,3.0,20200902,AEUHAZ1,04406,V-DOB VIOLATION - ACTIVE,AEUHAZ1-FAIL TO CERTIFY CLASS 1                                         NONE,84.0,0.0,84.0,0,1,1,0,44.0,1,Brooklyn
13588,93,31.0,257-19 147 AVENUE,A2,ISNARA JOSEPH,1.0,4135880093,4.0,no violations,no violations,no violations,no violations,no violations,0.0,0.0,0.0,0,0,1,0,0.0,0,Queens
4687,30,41.0,980 LINDEN BOULEVARD,G2,KING EMPIRE REALTY CORP.,0.0,3046870030,3.0,19960524,ES,1701N,V-DOB VIOLATION - ACTIVE,ES-ELECTRIC SIGNS                                                  NONE,0.0,1.0,0.0,1,1,0,1,6.0,1,Brooklyn
528,42,49.0,692 BAY STREET,S1,"GAMBINO, STEVEN",1.0,5005280042,5.0,20191108,LBLVIO,16201,V-DOB VIOLATION - ACTIVE,LBLVIO-LOW PRESSURE BOILER                                             BOILER  REQUIRED,0.0,1.0,0.0,1,1,0,0,5.0,0,Staten Island
6382,29,20.0,138-54 60 AVENUE,A5,"XIE, HANG",1.0,4063820029,4.0,no violations,no violations,no violations,no violations,no violations,0.0,0.0,0.0,0,0,1,0,0.0,0,Queens
7794,15,45.0,1423 EAST 46 STREET,A9,MOHAMED K ALMINAWI,1.0,3077940015,3.0,no violations,no violations,no violations,no violations,no violations,0.0,0.0,0.0,0,0,1,0,0.0,0,Brooklyn
16111,43,31.0,7715 AQUATIC DRIVE,B2,"GUMBS, AVIONNE F",2.0,4161110043,4.0,no violations,no violations,no violations,no violations,no violations,0.0,1.0,0.0,1,0,1,0,3.0,0,Queens
16125,78,32.0,3-31 BEACH 91 STREET,A5,MANCINI GERALD J,1.0,4161250078,4.0,no violations,no violations,no violations,no violations,no violations,0.0,0.0,0.0,0,0,1,0,0.0,0,Queens
7596,46,45.0,3216 AVENUE I,B2,"SKYERS, MARCIA",2.0,3075960046,3.0,20190807,AEUHAZ1,00572,V-DOB VIOLATION - ACTIVE,AEUHAZ1-FAIL TO CERTIFY CLASS 1                                         NONE,4.0,1.0,4.0,1,1,1,0,7.0,1,Brooklyn
5408,176,13.0,RAWLINS AVENUE,V0,THADDEUS ROSS JR,0.0,2054080176,2.0,no violations,no violations,no violations,no violations,no violations,0.0,0.0,0.0,0,0,0,1,1.0,0,Bronx
4678,42,41.0,5211 CHURCH AVENUE,S2,ALZUBAIDY BROTHERS II INC.,2.0,3046780042,3.0,19980504,LL6291,21274,V-DOB VIOLATION - ACTIVE,LL6291-LOCAL LAW 62/91 - BOILERS                                       BOILER  REQUIRED,0.0,1.0,0.0,1,1,0,0,5.0,0,Brooklyn
7521,65,23.0,57-48 228 STREET,B2,"WONG, WING PA",2.0,4075210065,4.0,no violations,no violations,no violations,no violations,no violations,0.0,0.0,0.0,0,0,1,0,0.0,0,Queens
5393,13,39.0,772 CONEY ISLAND AVENUE,G7,772 CONEY ISLAND AVE LLC,0.0,3053930013,3.0,no violations,no violations,no violations,no violations,no violations,0.0,1.0,0.0,1,0,0,1,4.0,0,Brooklyn
5590,59,38.0,953 42 STREET,C2,HAPPY ENTERPRISE LLC,6.0,3055900059,3.0,20180406,LBLVIO,07646,V-DOB VIOLATION - ACTIVE,LBLVIO-LOW PRESSURE BOILER                                             BOILER  REQUIRED,13.0,1.0,13.0,1,1,1,0,11.5,1,Brooklyn
1296,14,35.0,240 CROWN STREET,D1,240 CROWN LLC,135.0,3012960014,3.0,20060106,LL6291,09680,V-DOB VIOLATION - ACTIVE,LL6291-LOCAL LAW 62/91 - BOILERS                                       BOILER  REQUIRED,132.0,1.0,132.0,1,1,1,0,71.0,1,Brooklyn
4656,18,41.0,298 EAST 51 STREET,G7,KENYATTA  S. BLAKE,0.0,3046560018,3.0,20171115,AEUHAZ1,00745,V-DOB VIOLATION - ACTIVE,AEUHAZ1-FAIL TO CERTIFY CLASS 1                                         NONE,0.0,1.0,0.0,1,1,0,1,6.0,1,Brooklyn
2017,25,36.0,1156 FULTON STREET,S5,"FULTON FILMS, LLC",5.0,3020170025,3.0,20091231,LBLVIO,12690,V-DOB VIOLATION - ACTIVE,LBLVIO-LOW PRESSURE BOILER                                             BOILER  REQUIRED,3.0,1.0,3.0,1,1,0,0,6.5,1,Brooklyn
6825,2,48.0,1906 AVENUE R,B3,"KEYSERMAN, DINA",2.0,3068250002,3.0,no violations,no violations,no violations,no violations,no violations,0.0,0.0,0.0,0,0,1,0,0.0,0,Brooklyn
7596,46,45.0,3216 AVENUE I,B2,"SKYERS, MARCIA",2.0,3075960046,3.0,20070216,UB,3703/07,V-DOB VIOLATION - ACTIVE,UB-UNSAFE BUILDINGS                                                NONE,4.0,1.0,4.0,1,1,1,0,7.0,1,Brooklyn
5355,7,13.0,1310 EDISON AVENUE,B1,"RADONCIC, ELVIR",2.0,2053550007,2.0,20210901,AEUHAZ1,00209,V-DOB VIOLATION - ACTIVE,AEUHAZ1-FAIL TO CERTIFY CLASS 1                                         NONE,0.0,1.0,0.0,1,1,1,0,5.0,0,Bronx
5029,7501,20.0,149-09 41 AVENUE,RM,NAME NOT ON FILE,3.0,4050297501,4.0,no violations,no violations,no violations,no violations,no violations,0.0,1.0,0.0,1,0,0,0,3.0,0,Queens
7914,2,23.0,221-22 MANOR ROAD,C6,UNITED VETERAN MUTUAL HOUSING COMPANY INCORPORATED,350.0,4079140002,4.0,20140515,LBLVIO,18033,V-DOB VIOLATION - ACTIVE,LBLVIO-LOW PRESSURE BOILER                                             BOILER  REQUIRED,0.0,0.0,0.0,0,1,1,0,2.0,0,Queens
7685,36,23.0,69-47 226 STREET,B3,SINGH MAKHAN,2.0,4076850036,4.0,no violations,no violations,no violations,no violations,no violations,0.0,0.0,0.0,0,0,1,0,0.0,0,Queens
2017,31,36.0,1168 FULTON STREET,S3,"CHOWDURY, SHAMEEM",3.0,3020170031,3.0,20170224,LBLVIO,09641,V-DOB VIOLATION - ACTIVE,LBLVIO-LOW PRESSURE BOILER                                             BOILER  REQUIRED,2.0,1.0,2.0,1,1,0,0,6.0,1,Brooklyn
5145,55,20.0,138-70 ELDER AVENUE,D4,LAFAYETTE APARTMENTS,126.0,4051450055,4.0,19970210,LL6291,36853,V-DOB VIOLATION - ACTIVE,LL6291-LOCAL LAW 62/91 - BOILERS                                       BOILER  REQUIRED,21.0,0.0,21.0,0,1,1,0,12.5,1,Queens
2685,61,33.0,48 DIAMOND STREET,B9,48 DIAMOND STREET LLC,2.0,3026850061,3.0,no violations,no violations,no violations,no violations,no violations,0.0,0.0,0.0,0,0,1,0,0.0,0,Brooklyn
2016,15,36.0,1074 FULTON STREET,C4,CRK ONE LLC,7.0,3020160015,3.0,19990316,LL6291,17418,V-DOB VIOLATION - ACTIVE,LL6291-LOCAL LAW 62/91 - BOILERS                                       BOILER  REQUIRED,1.0,1.0,1.0,1,1,1,0,5.5,1,Brooklyn
8691,46,48.0,3089 BRIGHTON 6 STREET,D6,"GRUDSKY, MICHAEL",7.0,3086910046,3.0,20111213,LBLVIO,15613,V-DOB VIOLATION - ACTIVE,LBLVIO-LOW PRESSURE BOILER                                             BOILER  REQUIRED,3.0,0.0,3.0,0,1,1,0,3.5,0,Brooklyn
5102,37,40.0,930 FLATBUSH AVENUE,K4,930 FLATBUSH LLC,2.0,3051020037,3.0,20050131,LL6291,15602,V-DOB VIOLATION - ACTIVE,LL6291-LOCAL LAW 62/91 - BOILERS                                       BOILER  REQUIRED,0.0,1.0,0.0,1,1,0,0,5.0,0,Brooklyn
7915,10,45.0,475 EAST 57 STREET,W2,NAZARETH REGIONAL HIGH SCHOOL,0.0,3079150010,3.0,20150610,EVCAT1,02130,V-DOB VIOLATION - ACTIVE,EVCAT1-ELEVATOR ANNUAL INSPECTION / TEST                               ELEVATORREQUIRED,0.0,0.0,0.0,0,1,0,1,3.0,0,Brooklyn
2766,92,17.0,1315 RANDALL AVENUE,F5,A & M CARPENTRY DESIGNS CORP.,0.0,2027660092,2.0,19980504,LL6291,11916,V-DOB VIOLATION - ACTIVE,LL6291-LOCAL LAW 62/91 - BOILERS                                       BOILER  REQUIRED,0.0,1.0,0.0,1,1,0,1,6.0,1,Bronx
8656,39,46.0,2260 EAST 63 STREET,A2,RUTH SIPELSTEIN REVOCABLE TRUST,1.0,3086560039,3.0,no violations,no violations,no violations,no violations,no violations,0.0,0.0,0.0,0,0,1,0,0.0,0,Brooklyn
2766,92,17.0,1315 RANDALL AVENUE,F5,A & M CARPENTRY DESIGNS CORP.,0.0,2027660092,2.0,20000207,LL6291,10096,V-DOB VIOLATION - ACTIVE,LL6291-LOCAL LAW 62/91 - BOILERS                                       BOILER  REQUIRED,0.0,1.0,0.0,1,1,0,1,6.0,1,Bronx
5134,8,20.0,41-01 MAIN STREET,Z3,USPS,0.0,4051340008,4.0,20230630,LBLVIO,12510,V-DOB VIOLATION - ACTIVE,LBLVIO-LOW PRESSURE BOILER                                             BOILER  REQUIRED,0.0,0.0,0.0,0,1,0,1,3.0,0,Queens
1305,1,35.0,355 ROGERS AVENUE,C7,219 REALTY GROUP,25.0,3013050001,3.0,19980504,LL6291,15050,V-DOB VIOLATION - ACTIVE,LL6291-LOCAL LAW 62/91 - BOILERS                                       BOILER  REQUIRED,64.0,1.0,64.0,1,1,1,0,37.0,1,Brooklyn
7760,47,45.0,5608 AVENUE H,S3,SHIMAN FAMILY TRUST,3.0,3077600047,3.0,no violations,no violations,no violations,no violations,no violations,0.0,0.0,0.0,0,0,0,0,0.0,0,Brooklyn
5044,1,40.0,215 HAWTHORNE STREET,S9,215 HAWTHORNE STREET CORP,4.0,3050440001,3.0,20230630,LBLVIO,31452,V-DOB VIOLATION - ACTIVE,LBLVIO-LOW PRESSURE BOILER                                             BOILER  REQUIRED,19.0,1.0,19.0,1,1,0,0,14.5,1,Brooklyn
6486,55,24.0,141-15 68 DRIVE,A5,KING CHAU CHAN,1.0,4064860055,4.0,no violations,no violations,no violations,no violations,no violations,0.0,0.0,0.0,0,0,1,0,0.0,0,Queens
7230,11,24.0,80-37 SURREY PLACE,A2,SILVERMAN HELEN,1.0,4072300011,4.0,no violations,no violations,no violations,no violations,no violations,0.0,0.0,0.0,0,0,1,0,0.0,0,Queens
7852,36,46.0,1413 EAST 54 STREET,A9,"WEERBROUCK, PATRICIA R",1.0,3078520036,3.0,no violations,no violations,no violations,no violations,no violations,0.0,0.0,0.0,0,0,1,0,0.0,0,Brooklyn
925,55,38.0,845 43 STREET,D1,AMHERST LEASING LIMITED PARTNERSHIP,58.0,3009250055,3.0,no violations,no violations,no violations,no violations,no violations,10.0,0.0,10.0,0,0,1,0,5.0,0,Brooklyn
4217,11,50.0,113 9 STREET,A1,DENNIS AMATO,1.0,5042170011,5.0,no violations,no violations,no violations,no violations,no violations,0.0,0.0,0.0,0,0,1,0,0.0,0,Staten Island
4649,17,41.0,288 EAST 95 STREET,C3,288 E 95 PROJECT LLC,4.0,3046490017,3.0,20180207,AEUHAZ1,00391,V-DOB VIOLATION - ACTIVE,AEUHAZ1-FAIL TO CERTIFY CLASS 1                                         NONE,46.0,1.0,46.0,1,1,1,0,28.0,1,Brooklyn
5387,85,39.0,597 EAST 3 STREET,V1,597 E 3 MANAGEMENT CORP.,0.0,3053870085,3.0,20110504,AEUHAZ1,00258,V-DOB VIOLATION - ACTIVE,AEUHAZ1-FAIL TO CERTIFY CLASS 1                                         NONE,0.0,1.0,0.0,1,1,0,1,6.0,1,Brooklyn
513,5,49.0,560 BAY STREET,K4,"STATEN ISLAND BEACH, LLC",0.0,5005130005,5.0,20211102,BENCH,00822,V-DOB VIOLATION - ACTIVE,BENCH-FAILURE TO BENCHMARK                                            NONE,0.0,1.0,0.0,1,1,0,1,6.0,1,Staten Island
5141,17,20.0,43-34 COLDEN STREET,C0,"RAO, GURU RAJA G",3.0,4051410017,4.0,no violations,no violations,no violations,no violations,no violations,0.0,1.0,0.0,1,0,1,0,3.0,0,Queens
5101,6,40.0,2022 CHURCH AVENUE,K1,ELSAID REALTY LLC,0.0,3051010006,3.0,19950127,ES,1401N,V-DOB VIOLATION - ACTIVE,ES-ELECTRIC SIGNS                                                  NONE,0.0,1.0,0.0,1,1,0,1,6.0,1,Brooklyn
5352,2,13.0,2845 WATERBURY AVENUE,B1,"CALHOUN, WILLIAM",2.0,2053520002,2.0,no violations,no violations,no violations,no violations,no violations,0.0,1.0,0.0,1,0,1,0,3.0,0,Bronx
6533,26,24.0,144-40 68 AVENUE,A5,68TH AVENUE IRREVOCABLE TRUST,1.0,4065330026,4.0,no violations,no violations,no violations,no violations,no violations,0.0,0.0,0.0,0,0,1,0,0.0,0,Queens
14011,76,32.0,159-24 91 STREET,A2,"PURIFICATO, PHILIP",1.0,4140110076,4.0,no violations,no violations,no violations,no violations,no violations,0.0,0.0,0.0,0,0,1,0,0.0,0,Queens
5090,60,40.0,2553 CHURCH AVENUE,C2,2553 CHURCH AVENUE LLC,6.0,3050900060,3.0,19930601,LL6291,06306,V-DOB VIOLATION - ACTIVE,LL6291-LOCAL LAW 62/91 - BOILERS                                       BOILER  REQUIRED,30.0,1.0,30.0,1,1,1,0,20.0,1,Brooklyn
4223,9,50.0,54 10 STREET,B2,CAROLYN RYDEN TRUSTEE,2.0,5042230009,5.0,no violations,no violations,no violations,no violations,no violations,0.0,0.0,0.0,0,0,1,0,0.0,0,Staten Island
5063,7501,20.0,41-42 COLLEGE POINT BLVD,RM,UNAVAILABLE OWNER,24.0,4050637501,4.0,20190802,BENCH,01898,V-DOB VIOLATION - ACTIVE,BENCH-FAILURE TO BENCHMARK                                            NONE,0.0,0.0,0.0,0,1,0,0,2.0,0,Queens
5297,70,39.0,1319 41 STREET,C2,ORTEGRO REALTY LLC,6.0,3052970070,3.0,20240923,LBLVIO,11710,V-DOB VIOLATION - ACTIVE,LBLVIO-LOW PRESSURE BOILER                                             BOILER  REQUIRED,2.0,1.0,2.0,1,1,1,0,6.0,1,Brooklyn
4318,43,42.0,97 LOUISIANA AVENUE,B1,"RODRIGUEZ, DAMIAN",2.0,3043180043,3.0,no violations,no violations,no violations,no violations,no violations,1.0,0.0,1.0,0,0,1,0,0.5,0,Brooklyn
5122,22,20.0,134-38 MAPLE AVENUE,D1,QING XI 107 LLC,64.0,4051220022,4.0,19990219,E,9444/404853,V-DOB VIOLATION - ACTIVE,E-ELEVATOR                                                        ELEVATORREQUIRED,23.0,0.0,23.0,0,1,1,0,13.5,1,Queens
5223,3,20.0,140-18 OAK AVENUE,A2,"CHEN, YINPING",1.0,4052230003,4.0,no violations,no violations,no violations,no violations,no violations,0.0,0.0,0.0,0,0,1,0,0.0,0,Queens
5350,73,39.0,1411 36 STREET,B1,EMMANUEL ROSEMIE,2.0,3053500073,3.0,no violations,no violations,no violations,no violations,no violations,0.0,1.0,0.0,1,0,1,0,3.0,0,Brooklyn
3606,19,50.0,131 BANCROFT AVENUE,B3,"BOSCHI, YVONNE M",2.0,5036060019,5.0,no violations,no violations,no violations,no violations,no violations,0.0,0.0,0.0,0,0,1,0,0.0,0,Staten Island
1305,76,35.0,227 SULLIVAN PLACE,C1,227 REALTY GROUP,27.0,3013050076,3.0,20050131,LL6291,21211,V-DOB VIOLATION - ACTIVE,LL6291-LOCAL LAW 62/91 - BOILERS                                       BOILER  REQUIRED,38.0,1.0,38.0,1,1,1,0,24.0,1,Brooklyn
14027,24,32.0,160-32 90 STREET,A1,"COSTANZA, MICHAEL",1.0,4140270024,4.0,no violations,no violations,no violations,no violations,no violations,0.0,0.0,0.0,0,0,1,0,0.0,0,Queens
5199,21,20.0,44-22 PARSONS BOULEVARD,I1,FLUSHING HOSPITAL & MEDICAL CENTER,0.0,4051990021,4.0,20230620,HBLVIO,01688,V-DOB VIOLATION - ACTIVE,HBLVIO-HIGH PRESSURE BOILER                                            BOILER  REQUIRED,0.0,1.0,0.0,1,1,0,1,6.0,1,Queens
5408,255,13.0,1340 SIEGFRIED PLACE,A1,"KODRA, MIRJANE",1.0,2054080255,2.0,no violations,no violations,no violations,no violations,no violations,0.0,0.0,0.0,0,0,1,0,0.0,0,Bronx
6797,79,24.0,71-61 159 STREET,I7,UNAVAILABLE OWNER,204.0,4067970079,4.0,20230630,LBLVIO,39160,V-DOB VIOLATION - ACTIVE,LBLVIO-LOW PRESSURE BOILER                                             BOILER  REQUIRED,2.0,0.0,2.0,0,1,0,0,3.0,0,Queens
7842,33,23.0,224-06 SPRINGFIELD BLVD,C6,ALLEY POND OWNERS CORP,120.0,4078420033,4.0,20020326,LL6291,29736,V-DOB VIOLATION - ACTIVE,LL6291-LOCAL LAW 62/91 - BOILERS                                       BOILER  REQUIRED,0.0,0.0,0.0,0,1,1,0,2.0,0,Queens
4250,29,50.0,154 CANNON BOULEVARD,A2,LISA TEMPESTA TRUSTEE,1.0,5042500029,5.0,no violations,no violations,no violations,no violations,no violations,0.0,0.0,0.0,0,0,1,0,0.0,0,Staten Island
4994,224,20.0,140-28 34 AVENUE,C0,"CHENG, CHUEN WAI",3.0,4049940224,4.0,20080530,C,0707PS,V-DOB VIOLATION - ACTIVE,C-CONSTRUCTION                                                    OTHER   OPTIONAL,1.0,0.0,1.0,0,1,1,0,2.5,0,Queens
5365,26,39.0,1550 39 STREET,C3,"1550-39, LLC",4.0,3053650026,3.0,no violations,no violations,no violations,no violations,no violations,0.0,0.0,0.0,0,0,1,0,0.0,0,Brooklyn
7840,47,23.0,224-60 77 AVENUE,A2,"LE, DANIEL H",1.0,4078400047,4.0,no violations,no violations,no violations,no violations,no violations,0.0,0.0,0.0,0,0,1,0,0.0,0,Queens
8932,520,46.0,2660 GERRITSEN AVENUE,K1,SECTOR LLC,0.0,3089320520,3.0,no violations,no violations,no violations,no violations,no violations,0.0,0.0,0.0,0,0,0,1,1.0,0,Brooklyn
16083,1,31.0,357 BEACH 70 STREET,S9,226-17 REALTY INC.,4.0,4160830001,4.0,20180406,LBLVIO,15491,V-DOB VIOLATION - ACTIVE,LBLVIO-LOW PRESSURE BOILER                                             BOILER  REQUIRED,30.0,1.0,30.0,1,1,0,0,20.0,1,Queens
7601,17,45.0,1171 EAST 37 STREET,A1,"FRANCIS, ANDREA M.",1.0,3076010017,3.0,no violations,no violations,no violations,no violations,no violations,0.0,0.0,0.0,0,0,1,0,0.0,0,Brooklyn
7617,17,45.0,1155 EAST 35 STREET,C1,"MIDWOOD 35TH REALTY, LLC",38.0,3076170017,3.0,20200202,BENCH,00823,V-DOB VIOLATION - ACTIVE,BENCH-FAILURE TO BENCHMARK                                            NONE,107.0,1.0,107.0,1,1,1,0,58.5,1,Brooklyn
4300,4,50.0,299 ISABELLA AVENUE,A1,"ARMAH, BARTHOLOMEW",1.0,5043000004,5.0,no violations,no violations,no violations,no violations,no violations,0.0,0.0,0.0,0,0,1,0,0.0,0,Staten Island
16038,70,31.0,64-08 BEACH CHANNEL DRIVE,F9,NURUN REALTY LLC,0.0,4160380070,4.0,no violations,no violations,no violations,no violations,no violations,0.0,1.0,0.0,1,0,0,1,4.0,0,Queens
5045,1,20.0,41-61 KISSENA BOULEVARD,O5,FLUSHING PLAZA COMMERCIAL LLC,0.0,4050450001,4.0,20250305,AEUHAZ1,00318,V-DOB VIOLATION - ACTIVE,AEUHAZ1-FAIL TO CERTIFY CLASS 1                                         NONE,0.0,0.0,0.0,0,1,0,1,3.0,0,Queens
7786,45,23.0,212-02 UNION TURNPIKE,K1,ECCGP LLC,0.0,4077860045,4.0,20150303,LBLVIO,17304,V-DOB VIOLATION - ACTIVE,LBLVIO-LOW PRESSURE BOILER                                             BOILER  REQUIRED,0.0,1.0,0.0,1,1,0,1,6.0,1,Queens
4702,56,45.0,303 EAST 54 STREET,C2,ALZUBAYDI GROUP INC.,6.0,3047020056,3.0,19940601,LL6291,02113,V-DOB VIOLATION - ACTIVE,LL6291-LOCAL LAW 62/91 - BOILERS                                       BOILER  REQUIRED,1.0,1.0,1.0,1,1,1,0,5.5,1,Brooklyn
2835,13,49.0,HARBORVIEW PLACE,V0,"PAYNE, TURSTEE, BRIAN K",0.0,5028350013,5.0,no violations,no violations,no violations,no violations,no violations,0.0,0.0,0.0,0,0,0,1,1.0,0,Staten Island
5057,5,40.0,651 ROGERS AVENUE,S2,SINGH STELLA BEARBAL,2.0,3050570005,3.0,20240923,LBLVIO,11433,V-DOB VIOLATION - ACTIVE,LBLVIO-LOW PRESSURE BOILER                                             BOILER  REQUIRED,0.0,1.0,0.0,1,1,0,0,5.0,0,Brooklyn
7893,28,46.0,1747 EAST 48 STREET,B1,"DESPEIGNES, VLADIX",2.0,3078930028,3.0,no violations,no violations,no violations,no violations,no violations,0.0,1.0,0.0,1,0,1,0,3.0,0,Brooklyn
5608,31,38.0,4414 FT HAMILTON PARKWAY,S1,"ENGELBERG, DAVID",1.0,3056080031,3.0,20150303,LBLVIO,09992,V-DOB VIOLATION - ACTIVE,LBLVIO-LOW PRESSURE BOILER                                             BOILER  REQUIRED,0.0,1.0,0.0,1,1,0,0,5.0,0,Brooklyn
1305,76,35.0,227 SULLIVAN PLACE,C1,227 REALTY GROUP,27.0,3013050076,3.0,20240802,BENCH,00376,V-DOB VIOLATION - ACTIVE,BENCH-FAILURE TO BENCHMARK                                            NONE,38.0,1.0,38.0,1,1,1,0,24.0,1,Brooklyn
2839,110,49.0,850 BAY STREET,S9,HOME REALTY HOLDING CORP.,4.0,5028390110,5.0,19970210,LL6291,40806,V-DOB VIOLATION - ACTIVE,LL6291-LOCAL LAW 62/91 - BOILERS                                       BOILER  REQUIRED,9.0,1.0,9.0,1,1,0,0,9.5,1,Staten Island
7733,43,45.0,1528 UTICA AVENUE,K1,LCL UTICA REALTY LLC,0.0,3077330043,3.0,20170109,C,CN1802RA,V-DOB VIOLATION - ACTIVE,C-CONSTRUCTION                                                    OTHER   OPTIONAL,0.0,0.0,0.0,0,1,0,1,3.0,0,Brooklyn
7520,103,23.0,57-37 228 STREET,B2,"YIACHOS, CHRISTOS",2.0,4075200103,4.0,no violations,no violations,no violations,no violations,no violations,0.0,0.0,0.0,0,0,1,0,0.0,0,Queens
5347,48,39.0,1471 39 STREET,B1,"39-1471, LLC",2.0,3053470048,3.0,20110624,C,CN1201EQ,V-DOB VIOLATION - ACTIVE,C-CONSTRUCTION                                                    OTHER   OPTIONAL,8.0,1.0,8.0,1,1,1,0,9.0,1,Brooklyn
7833,40,46.0,5308 AVENUE K,A2,"SAINT-JEAN, MEADGEENA",1.0,3078330040,3.0,no violations,no violations,no violations,no violations,no violations,0.0,0.0,0.0,0,0,1,0,0.0,0,Brooklyn
1240,38,36.0,750 NOSTRAND AVENUE,J9,750 REALTY HOLDINGS LLC,0.0,3012400038,3.0,19980106,LL1081,01925,V-DOB VIOLATION - ACTIVE,LL1081-LOCAL LAW 10/81 - ELEVATOR                                      ELEVATOROPTIONAL,0.0,1.0,0.0,1,1,0,1,6.0,1,Brooklyn
7837,66,46.0,1228 EAST 58 STREET,B1,NORBERT P PHILISTIN,2.0,3078370066,3.0,no violations,no violations,no violations,no violations,no violations,0.0,0.0,0.0,0,0,1,0,0.0,0,Brooklyn
2845,21,49.0,1050 BAY STREET,G9,AMERCO REAL ESTATE COMPANY,0.0,5028450021,5.0,no violations,no violations,no violations,no violations,no violations,0.0,0.0,0.0,0,0,0,1,1.0,0,Staten Island
7617,17,45.0,1155 EAST 35 STREET,C1,"MIDWOOD 35TH REALTY, LLC",38.0,3076170017,3.0,20190802,BENCH,01555,V-DOB VIOLATION - ACTIVE,BENCH-FAILURE TO BENCHMARK                                            NONE,107.0,1.0,107.0,1,1,1,0,58.5,1,Brooklyn
7467,36,23.0,58-43 BELL BOULEVARD,A1,LAW MAN L,1.0,4074670036,4.0,no violations,no violations,no violations,no violations,no violations,0.0,0.0,0.0,0,0,1,0,0.0,0,Queens
16042,10,31.0,420 BEACH 69 STREET,C0,420 BEACH 69 STREET LLC,3.0,4160420010,4.0,no violations,no violations,no violations,no violations,no violations,0.0,1.0,0.0,1,0,1,0,3.0,0,Queens
4977,55,20.0,36-16 UNION STREET,K4,CHEUNG'S HOLDING CORP,0.0,4049770055,4.0,19920706,ES,ST09N,V-DOB VIOLATION - ACTIVE,ES-ELECTRIC SIGNS                                                  NONE,0.0,0.0,0.0,0,1,0,1,3.0,0,Queens
1320,38,40.0,300 STERLING STREET,A4,MAXINE BARNES REVOCABLE LIVING TRUST,1.0,3013200038,3.0,19860806,LANDMK,87-0082,V-DOB VIOLATION - ACTIVE,LANDMK-LANDMARK                                                        NONE,0.0,0.0,0.0,0,1,1,0,2.0,0,Brooklyn
16121,143,32.0,87-06 ROCKAWAY BEACH BLVD,K4,"BEACH 116TH STREET,    .",2.0,4161210143,4.0,20191108,LBLVIO,15611,V-DOB VIOLATION - ACTIVE,LBLVIO-LOW PRESSURE BOILER                                             BOILER  REQUIRED,0.0,1.0,0.0,1,1,0,0,5.0,0,Queens
8491,39,46.0,1750 EAST 52 STREET,A1,"NECKLES, DEREFIM B",1.0,3084910039,3.0,no violations,no violations,no violations,no violations,no violations,0.0,0.0,0.0,0,0,1,0,0.0,0,Brooklyn
15931,40,31.0,145 BEACH 59 STREET,C1,"H20 HOLDING,",13.0,4159310040,4.0,20111213,LBLVIO,21282,V-DOB VIOLATION - ACTIVE,LBLVIO-LOW PRESSURE BOILER                                             BOILER  REQUIRED,14.0,1.0,14.0,1,1,1,0,12.0,1,Queens
1774,86,36.0,615 DEKALB AVENUE,S2,FREEMAN EDDIE T,2.0,3017740086,3.0,20210414,AEUHAZ1,00239,V-DOB VIOLATION - ACTIVE,AEUHAZ1-FAIL TO CERTIFY CLASS 1                                         NONE,0.0,0.0,0.0,0,1,0,0,2.0,0,Brooklyn
1828,92,36.0,187 JEFFERSON AVENUE,S9,DBDX MANAGEMENT LLC,6.0,3018280092,3.0,20230425,LBLVIO,12443,V-DOB VIOLATION - ACTIVE,LBLVIO-LOW PRESSURE BOILER                                             BOILER  REQUIRED,13.0,1.0,13.0,1,1,0,0,11.5,1,Brooklyn
5003,11,20.0,35-05 PARSONS BOULEVARD,D4,UNAVAILABLE OWNER,54.0,4050030011,4.0,20210802,BENCH,01075,V-DOB VIOLATION - ACTIVE,BENCH-FAILURE TO BENCHMARK                                            NONE,28.0,1.0,28.0,1,1,1,0,19.0,1,Queens
1802,29,36.0,222 LEXINGTON AVENUE,C3,LYNCH KAREN R.,4.0,3018020029,3.0,20191108,LBLVIO,11998,V-DOB VIOLATION - ACTIVE,LBLVIO-LOW PRESSURE BOILER                                             BOILER  REQUIRED,1.0,1.0,1.0,1,1,1,0,5.5,1,Brooklyn
7005,35,24.0,77-10 170 STREET,B1,"CHU, HOWARD H",2.0,4070050035,4.0,no violations,no violations,no violations,no violations,no violations,0.0,0.0,0.0,0,0,1,0,0.0,0,Queens
7832,53,23.0,224-69 76 ROAD,A9,YOUNGLAND LLC,1.0,4078320053,4.0,no violations,no violations,no violations,no violations,no violations,0.0,0.0,0.0,0,0,1,0,0.0,0,Queens
7376,8,48.0,2202 EAST 16 STREET,A5,MARIANGELA ALLEN AS TRUSTEE,1.0,3073760008,3.0,no violations,no violations,no violations,no violations,no violations,0.0,0.0,0.0,0,0,1,0,0.0,0,Brooklyn
2017,25,36.0,1156 FULTON STREET,S5,"FULTON FILMS, LLC",5.0,3020170025,3.0,20150427,C,FEU30301FF,V-DOB VIOLATION - ACTIVE,C-CONSTRUCTION                                                    OTHER   OPTIONAL,3.0,1.0,3.0,1,1,0,0,6.5,1,Brooklyn
5219,4,45.0,1908 NEWKIRK AVENUE,C1,"NEWKIRK NOSTRAND EAST SPE OWNER, LLC",22.0,3052190004,3.0,20170224,LBLVIO,05967,V-DOB VIOLATION - ACTIVE,LBLVIO-LOW PRESSURE BOILER                                             BOILER  REQUIRED,44.0,1.0,44.0,1,1,1,0,27.0,1,Brooklyn
5594,67,39.0,1325 42 STREET,B1,"KLEIN, CHAIM",2.0,3055940067,3.0,no violations,no violations,no violations,no violations,no violations,0.0,1.0,0.0,1,0,1,0,3.0,0,Brooklyn
4678,57,41.0,321 EAST 52 STREET,C0,ORVILLE J GORDON,3.0,3046780057,3.0,no violations,no violations,no violations,no violations,no violations,1.0,1.0,1.0,1,0,1,0,3.5,0,Brooklyn
5622,28,44.0,1260 46 STREET,C0,"SINGER, NAOMI",3.0,3056220028,3.0,no violations,no violations,no violations,no violations,no violations,0.0,0.0,0.0,0,0,1,0,0.0,0,Brooklyn
5174,8,40.0,470 STRATFORD ROAD,D1,"470 STRATFORD HOLDING, L.I.C.",61.0,3051740008,3.0,19930816,LL6291,24788,V-DOB VIOLATION - ACTIVE,LL6291-LOCAL LAW 62/91 - BOILERS                                       BOILER  REQUIRED,21.0,0.0,21.0,0,1,1,0,12.5,1,Brooklyn
1307,14,35.0,134 SULLIVAN PLACE,C5,134 SULLIVAN PLACE LLC,4.0,3013070014,3.0,no violations,no violations,no violations,no violations,no violations,0.0,1.0,0.0,1,0,1,0,3.0,0,Brooklyn
7168,1,24.0,73-47 180 STREET,A1,"KHAIMOV, DENNIS",1.0,4071680001,4.0,no violations,no violations,no violations,no violations,no violations,0.0,0.0,0.0,0,0,1,0,0.0,0,Queens
6828,1,48.0,1841 EAST 22 STREET,S1,"NIGRI, ALBERTO",1.0,3068280001,3.0,no violations,no violations,no violations,no violations,no violations,0.0,0.0,0.0,0,0,0,0,0.0,0,Brooklyn
5594,6,39.0,4101 13 AVENUE,K4,4101 REALTY LLC,0.0,3055940006,3.0,20191108,LBLVIO,09642,V-DOB VIOLATION - ACTIVE,LBLVIO-LOW PRESSURE BOILER                                             BOILER  REQUIRED,0.0,0.0,0.0,0,1,0,1,3.0,0,Brooklyn
5614,7,38.0,4509 10 AVENUE,C2,"4509 TENTH,",6.0,3056140007,3.0,20091231,LBLVIO,16267,V-DOB VIOLATION - ACTIVE,LBLVIO-LOW PRESSURE BOILER                                             BOILER  REQUIRED,5.0,1.0,5.0,1,1,1,0,7.5,1,Brooklyn
4621,15,41.0,132 EAST 52 STREET,C2,"PERSAUD, RAMESH",6.0,3046210015,3.0,20000207,LL6291,21042,V-DOB VIOLATION - ACTIVE,LL6291-LOCAL LAW 62/91 - BOILERS                                       BOILER  REQUIRED,3.0,1.0,3.0,1,1,1,0,6.5,1,Brooklyn
5196,38,20.0,43-11 SMART STREET,A1,"HUANG, DONGLI",1.0,4051960038,4.0,no violations,no violations,no violations,no violations,no violations,0.0,0.0,0.0,0,0,1,0,0.0,0,Queens
16130,35,32.0,188 BEACH 84 STREET,M1,HAVEN MINISTRIES,0.0,4161300035,4.0,20130301,LBLVIO,16077,V-DOB VIOLATION - ACTIVE,LBLVIO-LOW PRESSURE BOILER                                             BOILER  REQUIRED,0.0,1.0,0.0,1,1,0,1,6.0,1,Queens
7786,45,23.0,212-02 UNION TURNPIKE,K1,ECCGP LLC,0.0,4077860045,4.0,20091231,LBLVIO,23034,V-DOB VIOLATION - ACTIVE,LBLVIO-LOW PRESSURE BOILER                                             BOILER  REQUIRED,0.0,1.0,0.0,1,1,0,1,6.0,1,Queens
2377,37,51.0,217 BRAISTED AVENUE,A5,"GIORDANO, FRANK",1.0,5023770037,5.0,no violations,no violations,no violations,no violations,no violations,0.0,0.0,0.0,0,0,1,0,0.0,0,Staten Island
1254,140,35.0,804 NOSTRAND AVENUE,S2,AREP CMBS LLC,2.0,3012540140,3.0,20230425,LBLVIO,14273,V-DOB VIOLATION - ACTIVE,LBLVIO-LOW PRESSURE BOILER                                             BOILER  REQUIRED,0.0,1.0,0.0,1,1,0,0,5.0,0,Brooklyn
5202,22,40.0,560 EAST 17 STREET,A1,SHUI HA NG,1.0,3052020022,3.0,no violations,no violations,no violations,no violations,no violations,0.0,0.0,0.0,0,0,1,0,0.0,0,Brooklyn
16103,136,31.0,BEACH CHANNEL DRIVE,V0,NYC DEPARTMENT OF TRANSPORTATION,0.0,4161030136,4.0,no violations,no violations,no violations,no violations,no violations,0.0,0.0,0.0,0,0,0,1,1.0,0,Queens
8720,7506,48.0,70 OCEANA DRIVE WEST,R4,UNAVAILABLE OWNER,48.0,3087207506,3.0,20091231,LBLVIO,19532,V-DOB VIOLATION - ACTIVE,LBLVIO-LOW PRESSURE BOILER                                             BOILER  REQUIRED,4.0,0.0,4.0,0,1,0,0,4.0,0,Brooklyn
2839,110,49.0,850 BAY STREET,S9,HOME REALTY HOLDING CORP.,4.0,5028390110,5.0,19930604,LL6291,07941,V-DOB VIOLATION - ACTIVE,LL6291-LOCAL LAW 62/91 - BOILERS                                       BOILER  REQUIRED,9.0,1.0,9.0,1,1,0,0,9.5,1,Staten Island
821,7,50.0,310 BRADLEY AVENUE,K1,GURBINDER P SINGH,0.0,5008210007,5.0,20170906,AEUHAZ1,00568,V-DOB VIOLATION - ACTIVE,AEUHAZ1-FAIL TO CERTIFY CLASS 1                                         NONE,0.0,1.0,0.0,1,1,0,1,6.0,1,Staten Island
7614,46,45.0,3212 AVENUE J,A9,"ELKABATS, TAMAR",1.0,3076140046,3.0,no violations,no violations,no violations,no violations,no violations,0.0,1.0,0.0,1,0,1,0,3.0,0,Brooklyn
5209,22,40.0,2323 NEWKIRK AVENUE,C6,NEIGHBORHOOD RESTORE HOUSING DEVELOPMENT  FUND CORP,16.0,3052090022,3.0,20090101,LL6291,09991,V-DOB VIOLATION - ACTIVE,LL6291-LOCAL LAW 62/91 - BOILERS                                       BOILER  REQUIRED,38.0,0.0,38.0,0,1,1,0,21.0,1,Brooklyn
7967,50,23.0,88-48 SABRE STREET,C3,"KAMALASANAN, SAJIMON",4.0,4079670050,4.0,no violations,no violations,no violations,no violations,no violations,0.0,0.0,0.0,0,0,1,0,0.0,0,Queens
7594,6,45.0,3011 AVENUE J,S1,3011 AVENUE J LLC,1.0,3075940006,3.0,20230620,LBLVIO,39465,V-DOB VIOLATION - ACTIVE,LBLVIO-LOW PRESSURE BOILER                                             BOILER  REQUIRED,0.0,1.0,0.0,1,1,0,0,5.0,0,Brooklyn
15853,39,31.0,210 BEACH 47 STREET,I7,"MDE REALTY, L.L.C.",0.0,4158530039,4.0,20180406,LBLVIO,15659,V-DOB VIOLATION - ACTIVE,LBLVIO-LOW PRESSURE BOILER                                             BOILER  REQUIRED,0.0,0.0,0.0,0,1,0,1,3.0,0,Queens
16121,143,32.0,87-06 ROCKAWAY BEACH BLVD,K4,"BEACH 116TH STREET,    .",2.0,4161210143,4.0,20180406,LBLVIO,18722,V-DOB VIOLATION - ACTIVE,LBLVIO-LOW PRESSURE BOILER                                             BOILER  REQUIRED,0.0,1.0,0.0,1,1,0,0,5.0,0,Queens
7685,28,23.0,69-48 CLOVERDALE BOULEVARD,B3,"LIN, STANLEY",2.0,4076850028,4.0,no violations,no violations,no violations,no violations,no violations,0.0,0.0,0.0,0,0,1,0,0.0,0,Queens
4656,18,41.0,298 EAST 51 STREET,G7,KENYATTA  S. BLAKE,0.0,3046560018,3.0,20171227,AEUHAZ1,00369,V-DOB VIOLATION - ACTIVE,AEUHAZ1-FAIL TO CERTIFY CLASS 1                                         NONE,0.0,1.0,0.0,1,1,0,1,6.0,1,Brooklyn
14191,55,32.0,161-11 95 STREET,A2,"INNELLI, THOMAS",1.0,4141910055,4.0,no violations,no violations,no violations,no violations,no violations,0.0,0.0,0.0,0,0,1,0,0.0,0,Queens
6993,28,24.0,75-12 175 STREET,A1,LAWRENCE TORTO,1.0,4069930028,4.0,no violations,no violations,no violations,no violations,no violations,0.0,0.0,0.0,0,0,1,0,0.0,0,Queens
4713,117,42.0,585 EAST 92 STREET,A5,WINSTON C LEONE,1.0,3047130117,3.0,no violations,no violations,no violations,no violations,no violations,0.0,0.0,0.0,0,0,1,0,0.0,0,Brooklyn
1142,34,35.0,1010 DEAN STREET,K1,"KWOK, CHING MANG",0.0,3011420034,3.0,19980504,LL6291,21888,V-DOB VIOLATION - ACTIVE,LL6291-LOCAL LAW 62/91 - BOILERS                                       BOILER  REQUIRED,0.0,0.0,0.0,0,1,0,1,3.0,0,Brooklyn
4660,41,41.0,169 EAST 54 STREET,C2,169 E 54TH STREET LLC,6.0,3046600041,3.0,20230425,LBLVIO,11072,V-DOB VIOLATION - ACTIVE,LBLVIO-LOW PRESSURE BOILER                                             BOILER  REQUIRED,0.0,1.0,0.0,1,1,1,0,5.0,0,Brooklyn
5041,1,20.0,133-02 41 AVENUE,C3,HUA XIA PROPERTY LLC,4.0,4050410001,4.0,no violations,no violations,no violations,no violations,no violations,0.0,0.0,0.0,0,0,1,0,0.0,0,Queens
5346,41,39.0,3910 15 AVENUE,E1,3910 15TH TRUST,0.0,3053460041,3.0,20010227,LL6291,21853,V-DOB VIOLATION - ACTIVE,LL6291-LOCAL LAW 62/91 - BOILERS                                       BOILER  REQUIRED,1.0,1.0,1.0,1,1,0,1,6.5,1,Brooklyn
7761,277,23.0,217-03 KINGSBURY AVENUE,A1,MARK A FOGEL,1.0,4077610277,4.0,no violations,no violations,no violations,no violations,no violations,0.0,0.0,0.0,0,0,1,0,0.0,0,Queens
5338,75,39.0,240 OCEAN PARKWAY,D4,240 OCEAN PKWY OWNERS CORP,55.0,3053380075,3.0,20210429,EGRADE,2003682,V-DOB VIOLATION - ACTIVE,EGRADE-FAILURE TO POST ENERGY GRADE/SCORE                              NONE,9.0,0.0,9.0,0,1,1,0,6.5,1,Brooklyn
5398,55,13.0,1426 HOBART AVENUE,B3,"PAULINO, EURIS",2.0,2053980055,2.0,no violations,no violations,no violations,no violations,no violations,0.0,0.0,0.0,0,0,1,0,0.0,0,Bronx
8491,8,46.0,1867 EAST 51 STREET,B9,EVADNE WILLIAMS,2.0,3084910008,3.0,no violations,no violations,no violations,no violations,no violations,0.0,0.0,0.0,0,0,1,0,0.0,0,Brooklyn
1240,38,36.0,750 NOSTRAND AVENUE,J9,750 REALTY HOLDINGS LLC,0.0,3012400038,3.0,20051001,LL1081,03070,V-DOB VIOLATION - ACTIVE,LL1081-LOCAL LAW 10/81 - ELEVATOR                                      ELEVATOROPTIONAL,0.0,1.0,0.0,1,1,0,1,6.0,1,Brooklyn
1260,23,35.0,166 ROGERS AVENUE,C2,166 ROGERS REALTY LLC,6.0,3012600023,3.0,no violations,no violations,no violations,no violations,no violations,2.0,0.0,2.0,0,0,1,0,1.0,0,Brooklyn
16070,22,31.0,419 BEACH 72 STREET,V1,"NORTON, JOHN",0.0,4160700022,4.0,20101022,C,ER01FC,V-DOB VIOLATION - ACTIVE,C-CONSTRUCTION                                                    OTHER   OPTIONAL,0.0,1.0,0.0,1,1,0,1,6.0,1,Queens
1994,3,36.0,CLASSON AVENUE,V0,EMPTY LOTS LLC,0.0,3019940003,3.0,no violations,no violations,no violations,no violations,no violations,0.0,1.0,0.0,1,0,0,1,4.0,0,Brooklyn
1305,19,35.0,360 MONTGOMERY STREET,C1,"NOBREGA, KIM",8.0,3013050019,3.0,19970210,LL6291,20035,V-DOB VIOLATION - ACTIVE,LL6291-LOCAL LAW 62/91 - BOILERS                                       BOILER  REQUIRED,7.0,0.0,7.0,0,1,1,0,5.5,1,Brooklyn
1807,11,36.0,176 QUINCY STREET,C1,176 QUINCY MANAGEMENT LLC,8.0,3018070011,3.0,no violations,no violations,no violations,no violations,no violations,5.0,1.0,5.0,1,0,1,0,5.5,1,Brooklyn
4971,67,20.0,135-23 37 AVENUE,M1,TEMPLE OF MERCY-CHARITY CORP,0.0,4049710067,4.0,no violations,no violations,no violations,no violations,no violations,0.0,0.0,0.0,0,0,0,1,1.0,0,Queens
1275,1,35.0,235 ROGERS AVENUE,K4,"BORUCH OKOUNEV,SAM STERN,DITMAS REALITY  AND TBDLLC",5.0,3012750001,3.0,19930816,LL6291,26171,V-DOB VIOLATION - ACTIVE,LL6291-LOCAL LAW 62/91 - BOILERS                                       BOILER  REQUIRED,8.0,1.0,8.0,1,1,0,0,9.0,1,Brooklyn
1786,28,21.0,112-51 ROOSEVELT AVENUE,K2,LETON CORP,0.0,4017860028,4.0,20130301,LBLVIO,14095,V-DOB VIOLATION - ACTIVE,LBLVIO-LOW PRESSURE BOILER                                             BOILER  REQUIRED,0.0,1.0,0.0,1,1,0,1,6.0,1,Queens
1837,9,36.0,1207 BEDFORD AVENUE,V1,50-56 HANCOCK ST LLC,0.0,3018370009,3.0,19960701,C,03AM01,V-DOB VIOLATION - ACTIVE,C-CONSTRUCTION                                                    OTHER   OPTIONAL,0.0,1.0,0.0,1,1,0,1,6.0,1,Brooklyn
7134,21,24.0,69-34 182 STREET,A1,"YAGUDAYEV, ABRAM",1.0,4071340021,4.0,no violations,no violations,no violations,no violations,no violations,0.0,0.0,0.0,0,0,1,0,0.0,0,Queens
4701,6,45.0,5314 CHURCH AVENUE,S2,"SAMUEL, SHELLEY D",2.0,3047010006,3.0,20230630,LBLVIO,22099,V-DOB VIOLATION - ACTIVE,LBLVIO-LOW PRESSURE BOILER                                             BOILER  REQUIRED,3.0,0.0,3.0,0,1,0,0,3.5,0,Brooklyn
5057,5,40.0,651 ROGERS AVENUE,S2,SINGH STELLA BEARBAL,2.0,3050570005,3.0,20090101,LL6291,13446,V-DOB VIOLATION - ACTIVE,LL6291-LOCAL LAW 62/91 - BOILERS                                       BOILER  REQUIRED,0.0,1.0,0.0,1,1,0,0,5.0,0,Brooklyn
5599,4,44.0,4213 13 AVENUE,K4,THE FRANCES KLEIN LIVING TRUST,2.0,3055990004,3.0,20070119,LL6291,15094,V-DOB VIOLATION - ACTIVE,LL6291-LOCAL LAW 62/91 - BOILERS                                       BOILER  REQUIRED,0.0,1.0,0.0,1,1,0,0,5.0,0,Brooklyn
2859,11,49.0,651 TOMPKINS AVENUE,B1,"KWOK, BETSY",2.0,5028590011,5.0,no violations,no violations,no violations,no violations,no violations,0.0,0.0,0.0,0,0,1,0,0.0,0,Staten Island
6756,101,24.0,61-31 160 STREET,B3,JAN FENG-I,2.0,4067560101,4.0,no violations,no violations,no violations,no violations,no violations,0.0,0.0,0.0,0,0,1,0,0.0,0,Queens
5059,8,20.0,41-57 150 STREET,B1,"TANG, YIU WING",2.0,4050590008,4.0,no violations,no violations,no violations,no violations,no violations,0.0,0.0,0.0,0,0,1,0,0.0,0,Queens
5219,4,45.0,1908 NEWKIRK AVENUE,C1,"NEWKIRK NOSTRAND EAST SPE OWNER, LLC",22.0,3052190004,3.0,20240923,LBLVIO,11651,V-DOB VIOLATION - ACTIVE,LBLVIO-LOW PRESSURE BOILER                                             BOILER  REQUIRED,44.0,1.0,44.0,1,1,1,0,27.0,1,Brooklyn
2000,35,36.0,1197 FULTON STREET,F9,BROOKLYN COMMERCIAL CORP.,0.0,3020000035,3.0,20020219,LL1081,02620,V-DOB VIOLATION - ACTIVE,LL1081-LOCAL LAW 10/81 - ELEVATOR                                      ELEVATOROPTIONAL,0.0,0.0,0.0,0,1,0,1,3.0,0,Brooklyn
1305,76,35.0,227 SULLIVAN PLACE,C1,227 REALTY GROUP,27.0,3013050076,3.0,20231201,EGRADE,2301097,V-DOB VIOLATION - ACTIVE,EGRADE-FAILURE TO POST ENERGY GRADE/SCORE                              NONE,38.0,1.0,38.0,1,1,1,0,24.0,1,Brooklyn
1200,69,36.0,1235 PACIFIC STREET,C3,1235 PACIFIC STREET LLC,4.0,3012000069,3.0,no violations,no violations,no violations,no violations,no violations,26.0,1.0,26.0,1,0,1,0,16.0,1,Brooklyn
5180,22,20.0,42-11 KISSENA BOULEVARD,D4,SANFORD KISSENA OWNERS CORP,96.0,4051800022,4.0,20170103,ACC1,06698,V-DOB VIOLATION - ACTIVE,ACC1-(OTHER BLDGS TYPES) - ELEVATOR AFFIRMATION OF CORRECTION        ELEVATORREQUIRED,16.0,1.0,16.0,1,1,1,0,13.0,1,Queens
6716,39,44.0,1078 EAST 15 STREET,C0,1078 EAST 15TH STREET TRUST,3.0,3067160039,3.0,20161130,AEUHAZ1,00317,V-DOB VIOLATION - ACTIVE,AEUHAZ1-FAIL TO CERTIFY CLASS 1                                         NONE,1.0,1.0,1.0,1,1,1,0,5.5,1,Brooklyn
1134,63,35.0,1035 DEAN STREET,S4,1035 DEAN LLC,4.0,3011340063,3.0,20230630,LBLVIO,29353,V-DOB VIOLATION - ACTIVE,LBLVIO-LOW PRESSURE BOILER                                             BOILER  REQUIRED,4.0,1.0,4.0,1,1,0,0,7.0,1,Brooklyn
4131,72,50.0,105 PELICAN CIRCLE,A5,"LIU, ZHI HAO",1.0,5041310072,5.0,no violations,no violations,no violations,no violations,no violations,0.0,0.0,0.0,0,0,1,0,0.0,0,Staten Island
4980,46,20.0,136-93 ROOSEVELT AVENUE,K1,AMITY HOLDING PO,0.0,4049800046,4.0,20111031,C,CN0702CD,V-DOB VIOLATION - ACTIVE,C-CONSTRUCTION                                                    OTHER   OPTIONAL,0.0,0.0,0.0,0,1,0,1,3.0,0,Queens
1168,51,35.0,722 FRANKLIN AVENUE,O1,"722 FRANKLIN AVENUE REALTY, LLC",0.0,3011680051,3.0,no violations,no violations,no violations,no violations,no violations,0.0,0.0,0.0,0,0,0,1,1.0,0,Brooklyn
1149,14,35.0,870 BERGEN STREET,C1,SGT O'ROURKE ENTERPRISES,8.0,3011490014,3.0,19930816,LL6291,34861,V-DOB VIOLATION - ACTIVE,LL6291-LOCAL LAW 62/91 - BOILERS                                       BOILER  REQUIRED,1.0,0.0,1.0,0,1,1,0,2.5,0,Brooklyn
15931,40,31.0,145 BEACH 59 STREET,C1,"H20 HOLDING,",13.0,4159310040,4.0,20091231,LBLVIO,24405,V-DOB VIOLATION - ACTIVE,LBLVIO-LOW PRESSURE BOILER                                             BOILER  REQUIRED,14.0,1.0,14.0,1,1,1,0,12.0,1,Queens
3004,41,34.0,89 GRATTAN STREET,C2,8993 REALTY LLC,6.0,3030040041,3.0,20111213,LBLVIO,11552,V-DOB VIOLATION - ACTIVE,LBLVIO-LOW PRESSURE BOILER                                             BOILER  REQUIRED,26.0,1.0,26.0,1,1,1,0,18.0,1,Brooklyn
4703,2,45.0,5504 CHURCH AVENUE,S2,ROWL DELORES,2.0,3047030002,3.0,20170224,LBLVIO,08911,V-DOB VIOLATION - ACTIVE,LBLVIO-LOW PRESSURE BOILER                                             BOILER  REQUIRED,0.0,1.0,0.0,1,1,0,0,5.0,0,Brooklyn
4741,61,45.0,359 EAST 56 STREET,B3,DONNA PHILLIPS,2.0,3047410061,3.0,no violations,no violations,no violations,no violations,no violations,0.0,0.0,0.0,0,0,1,0,0.0,0,Brooklyn
15931,40,31.0,145 BEACH 59 STREET,C1,"H20 HOLDING,",13.0,4159310040,4.0,20090101,LL6291,22691,V-DOB VIOLATION - ACTIVE,LL6291-LOCAL LAW 62/91 - BOILERS                                       BOILER  REQUIRED,14.0,1.0,14.0,1,1,1,0,12.0,1,Queens
5608,31,38.0,4414 FT HAMILTON PARKWAY,S1,"ENGELBERG, DAVID",1.0,3056080031,3.0,20240923,LBLVIO,11965,V-DOB VIOLATION - ACTIVE,LBLVIO-LOW PRESSURE BOILER                                             BOILER  REQUIRED,0.0,1.0,0.0,1,1,0,0,5.0,0,Brooklyn
4023,34,50.0,411 RIGA STREET,A2,ANNMARIE ANTENUCCI,1.0,5040230034,5.0,no violations,no violations,no violations,no violations,no violations,0.0,0.0,0.0,0,0,1,0,0.0,0,Staten Island
5036,23,20.0,135-20 ROOSEVELT AVENUE,K2,FU HUA INC,0.0,4050360023,4.0,no violations,no violations,no violations,no violations,no violations,0.0,0.0,0.0,0,0,0,1,1.0,0,Queens
5334,16,39.0,276 EAST 2 STREET,C2,"DJOKOVIC, HASIMA",6.0,3053340016,3.0,19930816,LL6291,23064,V-DOB VIOLATION - ACTIVE,LL6291-LOCAL LAW 62/91 - BOILERS                                       BOILER  REQUIRED,1.0,1.0,1.0,1,1,1,0,5.5,1,Brooklyn
1225,22,36.0,64 ROGERS AVENUE,C0,"ROBERTS, EARLE",3.0,3012250022,3.0,no violations,no violations,no violations,no violations,no violations,1.0,1.0,1.0,1,0,1,0,3.5,0,Brooklyn
5614,31,38.0,4518 FT HAMILTON PARKWAY,K4,4516-4518 EQUITIES LLC,1.0,3056140031,3.0,20020326,LL6291,23396,V-DOB VIOLATION - ACTIVE,LL6291-LOCAL LAW 62/91 - BOILERS                                       BOILER  REQUIRED,0.0,0.0,0.0,0,1,0,0,2.0,0,Brooklyn
13616,10,31.0,253-09 139 AVENUE,A2,"ALVES, LEON A",1.0,4136160010,4.0,no violations,no violations,no violations,no violations,no violations,0.0,1.0,0.0,1,0,1,0,3.0,0,Queens
5393,19,39.0,786 CONEY ISLAND AVENUE,K2,786 CONEY ISLAND AVE LLC,0.0,3053930019,3.0,20030319,LL6291,21546,V-DOB VIOLATION - ACTIVE,LL6291-LOCAL LAW 62/91 - BOILERS                                       BOILER  REQUIRED,0.0,1.0,0.0,1,1,0,1,6.0,1,Brooklyn
1142,16,35.0,972 DEAN STREET,F5,"9K GROUP, LLC",0.0,3011420016,3.0,19950208,E,1456D01,V-DOB VIOLATION - ACTIVE,E-ELEVATOR                                                        ELEVATORREQUIRED,0.0,1.0,0.0,1,1,0,1,6.0,1,Brooklyn
5043,7501,20.0,136-05 SANFORD AVENUE,RM,UNAVAILABLE OWNER,103.0,4050437501,4.0,20230502,FISPHAZ,911118,V-DOB VIOLATION - ACTIVE,FISPHAZ-HAZARDOUS CONDITION (FACADE)                                    FACADE  REQUIRED,15.0,1.0,15.0,1,1,0,0,12.5,1,Queens
7835,52,23.0,226-47 77 AVENUE,A2,"QIU, LAN",1.0,4078350052,4.0,no violations,no violations,no violations,no violations,no violations,0.0,0.0,0.0,0,0,1,0,0.0,0,Queens
7794,25,45.0,1395 EAST 46 STREET,A1,LEVINE MURRAY,1.0,3077940025,3.0,no violations,no violations,no violations,no violations,no violations,0.0,0.0,0.0,0,0,1,0,0.0,0,Brooklyn
1233,37,36.0,778 PROSPECT PLACE,C1,GAYLEVAULT FINANCIAL SERVICES COMPANY,8.0,3012330037,3.0,20230620,LBLVIO,39311,V-DOB VIOLATION - ACTIVE,LBLVIO-LOW PRESSURE BOILER                                             BOILER  REQUIRED,10.0,1.0,10.0,1,1,1,0,10.0,1,Brooklyn
7790,44,23.0,80-18 217 STREET,A1,CHEN CATHY,1.0,4077900044,4.0,no violations,no violations,no violations,no violations,no violations,0.0,0.0,0.0,0,0,1,0,0.0,0,Queens
5219,4,45.0,1908 NEWKIRK AVENUE,C1,"NEWKIRK NOSTRAND EAST SPE OWNER, LLC",22.0,3052190004,3.0,20201102,BENCH,00680,V-DOB VIOLATION - ACTIVE,BENCH-FAILURE TO BENCHMARK                                            NONE,44.0,1.0,44.0,1,1,1,0,27.0,1,Brooklyn
4645,21,41.0,330 EAST 91 STREET,C0,"BAIRD, ROSEMARIE",3.0,3046450021,3.0,no violations,no violations,no violations,no violations,no violations,3.0,1.0,3.0,1,0,1,0,4.5,0,Brooklyn
7611,50,45.0,2388 NOSTRAND AVENUE,S2,2388 NOSTRAND CORP,2.0,3076110050,3.0,19930816,LL6291,31153,V-DOB VIOLATION - ACTIVE,LL6291-LOCAL LAW 62/91 - BOILERS                                       BOILER  REQUIRED,0.0,1.0,0.0,1,1,0,0,5.0,0,Brooklyn
6738,37,20.0,160-16 59 AVENUE,C5,"TOVAR, CARLOS",5.0,4067380037,4.0,20110727,AEUHAZ1,00332,V-DOB VIOLATION - ACTIVE,AEUHAZ1-FAIL TO CERTIFY CLASS 1                                         NONE,0.0,1.0,0.0,1,1,1,0,5.0,0,Queens
7779,22,46.0,1199 EAST 53 STREET,D4,KINGS VILLAGE CORP.,156.0,3077790022,3.0,20130131,FISPNRF,01165,V-DOB VIOLATION - ACTIVE,FISPNRF-NO REPORT AND / OR LATE FILING (FACADE)                         FACADE  REQUIRED,52.0,0.0,52.0,0,1,1,0,28.0,1,Brooklyn
1974,34,50.0,51 ROANOKE STREET,B2,"GREENSTEIN , AVRAHAM",2.0,5019740034,5.0,no violations,no violations,no violations,no violations,no violations,0.0,0.0,0.0,0,0,1,0,0.0,0,Staten Island
7771,29,23.0,79-54 215 STREET,A1,SCHREIBER GREGG E,1.0,4077710029,4.0,no violations,no violations,no violations,no violations,no violations,0.0,0.0,0.0,0,0,1,0,0.0,0,Queens
8824,50,46.0,2357 STUART STREET,C0,"SERGEEV, SERGEI",3.0,3088240050,3.0,no violations,no violations,no violations,no violations,no violations,0.0,0.0,0.0,0,0,1,0,0.0,0,Brooklyn
1269,11,35.0,554 EASTERN PARKWAY,C1,554 EASTERN PARKWAY 123 LLC,9.0,3012690011,3.0,20020326,LL6291,15851,V-DOB VIOLATION - ACTIVE,LL6291-LOCAL LAW 62/91 - BOILERS                                       BOILER  REQUIRED,4.0,1.0,4.0,1,1,1,0,7.0,1,Brooklyn
5598,43,44.0,4218 13 AVENUE,S2,RCBS LLC,2.0,3055980043,3.0,20030319,LL6291,21798,V-DOB VIOLATION - ACTIVE,LL6291-LOCAL LAW 62/91 - BOILERS                                       BOILER  REQUIRED,0.0,0.0,0.0,0,1,0,0,2.0,0,Brooklyn
5393,9,39.0,766 CONEY ISLAND AVENUE,K4,766 CONEY ISLAND AVE LLC,1.0,3053930009,3.0,20171115,AEUHAZ1,00792,V-DOB VIOLATION - ACTIVE,AEUHAZ1-FAIL TO CERTIFY CLASS 1                                         NONE,2.0,0.0,2.0,0,1,0,0,3.0,0,Brooklyn
7792,1,45.0,4423 AVENUE K,C0,"HOSANNAH, EUGENIE",3.0,3077920001,3.0,no violations,no violations,no violations,no violations,no violations,0.0,0.0,0.0,0,0,1,0,0.0,0,Brooklyn
1125,10,35.0,998 ATLANTIC AVENUE,K1,ATLANTIC PACIFIC HOLDINGS LLC,0.0,3011250010,3.0,20000310,LL1081,02310,V-DOB VIOLATION - ACTIVE,LL1081-LOCAL LAW 10/81 - ELEVATOR                                      ELEVATOROPTIONAL,0.0,0.0,0.0,0,1,0,1,3.0,0,Brooklyn
7846,25,46.0,1567 EAST 48 STREET,B3,"BUTLER , DAMARYS Y.",2.0,3078460025,3.0,no violations,no violations,no violations,no violations,no violations,0.0,1.0,0.0,1,0,1,0,3.0,0,Brooklyn
4228,12,50.0,90 STERLING AVENUE,B3,"TOSADO, VIRNA",2.0,5042280012,5.0,no violations,no violations,no violations,no violations,no violations,0.0,0.0,0.0,0,0,1,0,0.0,0,Staten Island
3741,21,18.0,1136 BOYNTON AVENUE,C3,BOYNTON ASSETS LLC,4.0,2037410021,2.0,no violations,no violations,no violations,no violations,no violations,24.0,0.0,24.0,0,0,1,0,12.0,1,Bronx
7919,46,23.0,80-59 233 STREET,A0,"MAGCALAS, ALVIN",1.0,4079190046,4.0,no violations,no violations,no violations,no violations,no violations,0.0,0.0,0.0,0,0,1,0,0.0,0,Queens
4950,24,20.0,33-33 FARRINGTON STREET,G7,"BACARELLA , ANTOINETTE",0.0,4049500024,4.0,20100620,C,0702RM,V-DOB VIOLATION - ACTIVE,C-CONSTRUCTION                                                    OTHER   OPTIONAL,0.0,1.0,0.0,1,1,0,1,6.0,1,Queens
741,39,38.0,776 44 STREET,B9,776 SUNSET PARK LLC,2.0,3007410039,3.0,20170218,C,0712RL,V-DOB VIOLATION - ACTIVE,C-CONSTRUCTION                                                    OTHER   OPTIONAL,0.0,1.0,0.0,1,1,1,0,5.0,0,Brooklyn
1953,7504,36.0,347 GREENE AVE,R1,347 GREENE HOLDINGS LLC,7.0,3019537504,3.0,no violations,no violations,no violations,no violations,no violations,0.0,0.0,0.0,0,0,0,0,0.0,0,Brooklyn
5023,24,20.0,143-40 ROOSEVELT AVENUE,D4,BLAIR HOUSE OWNERS CORP,91.0,4050230024,4.0,20210318,E,9027/697084,V-DOB VIOLATION - ACTIVE,E-ELEVATOR                                                        ELEVATORREQUIRED,2.0,0.0,2.0,0,1,1,0,3.0,0,Queens
5042,6,40.0,647 FLATBUSH AVENUE,C1,"423 FLATBUSH, LLC",8.0,3050420006,3.0,20190529,AEUHAZ1,00476,V-DOB VIOLATION - ACTIVE,AEUHAZ1-FAIL TO CERTIFY CLASS 1                                         NONE,94.0,1.0,94.0,1,1,1,0,52.0,1,Brooklyn
2820,110,49.0,181 EDGEWATER STREET,E1,181 EDGEWATER ST LLC,0.0,5028200110,5.0,20250304,C,25-00371,V-DOB VIOLATION - ACTIVE,C-CONSTRUCTION                                                    OTHER   OPTIONAL,0.0,1.0,0.0,1,1,0,1,6.0,1,Staten Island
6993,12,24.0,75-19 174 STREET,A1,VANCE SERGEY S,1.0,4069930012,4.0,no violations,no violations,no violations,no violations,no violations,0.0,0.0,0.0,0,0,1,0,0.0,0,Queens
5584,34,38.0,3902 FT HAMILTON PARKWAY,S2,NG GERALD,2.0,3055840034,3.0,20230620,LBLVIO,19297,V-DOB VIOLATION - ACTIVE,LBLVIO-LOW PRESSURE BOILER                                             BOILER  REQUIRED,0.0,0.0,0.0,0,1,0,0,2.0,0,Brooklyn
3638,21,50.0,209 OTIS AVENUE,B2,"LACINA, OLGA",2.0,5036380021,5.0,no violations,no violations,no violations,no violations,no violations,0.0,0.0,0.0,0,0,1,0,0.0,0,Staten Island
6487,61,24.0,140-15 69 AVENUE,A5,E WALD,1.0,4064870061,4.0,no violations,no violations,no violations,no violations,no violations,0.0,0.0,0.0,0,0,1,0,0.0,0,Queens
7188,9,24.0,75-16 178 STREET,A1,"FRIEDMAN, PHILIP",1.0,4071880009,4.0,no violations,no violations,no violations,no violations,no violations,0.0,0.0,0.0,0,0,1,0,0.0,0,Queens
4702,56,45.0,303 EAST 54 STREET,C2,ALZUBAYDI GROUP INC.,6.0,3047020056,3.0,20151001,LBLVIO,05633,V-DOB VIOLATION - ACTIVE,LBLVIO-LOW PRESSURE BOILER                                             BOILER  REQUIRED,1.0,1.0,1.0,1,1,1,0,5.5,1,Brooklyn
5183,20,20.0,143-30 SANFORD AVENUE,D1,143-30 SANFORD AVE LLC,80.0,4051830020,4.0,20180202,BENCH,00345,V-DOB VIOLATION - ACTIVE,BENCH-FAILURE TO BENCHMARK                                            NONE,142.0,0.0,142.0,0,1,1,0,73.0,1,Queens
7761,63,45.0,934 EAST 58 STREET,A1,DEAN IDA,1.0,3077610063,3.0,no violations,no violations,no violations,no violations,no violations,0.0,0.0,0.0,0,0,1,0,0.0,0,Brooklyn
2831,84,49.0,41 WATERVIEW COURT,B2,HESHAM HUSSEIN,2.0,5028310084,5.0,20120716,C,0101FC,V-DOB VIOLATION - ACTIVE,C-CONSTRUCTION                                                    OTHER   OPTIONAL,0.0,0.0,0.0,0,1,1,0,2.0,0,Staten Island
5184,70,40.0,903 OCEAN AVENUE,A3,"HASSAN, AS TRUSTEE, MOHIUDDIN",1.0,3051840070,3.0,no violations,no violations,no violations,no violations,no violations,0.0,0.0,0.0,0,0,1,0,0.0,0,Brooklyn
8300,32,23.0,71-67 DOUGLASTON PARKWAY,A1,"SETHI, MANOJ",1.0,4083000032,4.0,no violations,no violations,no violations,no violations,no violations,0.0,0.0,0.0,0,0,1,0,0.0,0,Queens
5044,8,40.0,559 ROGERS AVENUE,W8,559 ROGERS AVENUE LLC,0.0,3050440008,3.0,20230630,LBLVIO,12832,V-DOB VIOLATION - ACTIVE,LBLVIO-LOW PRESSURE BOILER                                             BOILER  REQUIRED,0.0,1.0,0.0,1,1,0,1,6.0,1,Brooklyn
1788,7502,36.0,552 LAFAYETTE AVENUE,R4,UNAVAILABLE OWNER,15.0,3017887502,3.0,20211015,E,9027/708896,V-DOB VIOLATION - ACTIVE,E-ELEVATOR                                                        ELEVATORREQUIRED,0.0,0.0,0.0,0,1,0,0,2.0,0,Brooklyn
16111,33,31.0,2-04 BEACH 79 STREET,B2,"RODRIGUEZ, FREDERICK",2.0,4161110033,4.0,no violations,no violations,no violations,no violations,no violations,0.0,0.0,0.0,0,0,1,0,0.0,0,Queens
8706,50,48.0,3119 CONEY ISLAND AVENUE,S3,"BRIGHTON SPORTS, LLC",3.0,3087060050,3.0,20170224,LBLVIO,09686,V-DOB VIOLATION - ACTIVE,LBLVIO-LOW PRESSURE BOILER                                             BOILER  REQUIRED,5.0,1.0,5.0,1,1,0,0,7.5,1,Brooklyn
5605,53,44.0,1369 44 STREET,C2,SPREI FAMILY TRUST,5.0,3056050053,3.0,20030319,LL6291,21819,V-DOB VIOLATION - ACTIVE,LL6291-LOCAL LAW 62/91 - BOILERS                                       BOILER  REQUIRED,5.0,1.0,5.0,1,1,1,0,7.5,1,Brooklyn
1948,29,35.0,370 LAFAYETTE AVENUE,C1,"JOE, LYDIA",8.0,3019480029,3.0,19980504,LL6291,19880,V-DOB VIOLATION - ACTIVE,LL6291-LOCAL LAW 62/91 - BOILERS                                       BOILER  REQUIRED,2.0,1.0,2.0,1,1,1,0,6.0,1,Brooklyn
2766,230,17.0,640 LONGFELLOW AVENUE,G1,"ANNPING GROUP, LLC",0.0,2027660230,2.0,no violations,no violations,no violations,no violations,no violations,0.0,0.0,0.0,0,0,0,1,1.0,0,Bronx
7732,32,45.0,1081 EAST 48 STREET,E1,"1089 E. 48TH ST.,    .",0.0,3077320032,3.0,20050131,LL6291,15542,V-DOB VIOLATION - ACTIVE,LL6291-LOCAL LAW 62/91 - BOILERS                                       BOILER  REQUIRED,0.0,0.0,0.0,0,1,0,1,3.0,0,Brooklyn
13669,50,31.0,255-17 149 ROAD,B3,"ST. AIME , BERNADINE F",2.0,4136690050,4.0,20090223,C,1305MD,V-DOB VIOLATION - ACTIVE,C-CONSTRUCTION                                                    OTHER   OPTIONAL,2.0,1.0,2.0,1,1,1,0,6.0,1,Queens
8856,1540,46.0,23 HYMEN COURT,A1,"NEMSTEVA, IRINA",1.0,3088561540,3.0,no violations,no violations,no violations,no violations,no violations,0.0,0.0,0.0,0,0,1,0,0.0,0,Brooklyn
16137,38,32.0,151 BEACH 91 STREET,C1,KAROWOFELA ENTERPRISES INC.,7.0,4161370038,4.0,no violations,no violations,no violations,no violations,no violations,10.0,1.0,10.0,1,0,1,0,8.0,1,Queens
6970,44,24.0,164-35 77 ROAD,B3,"CHU, ON WAH",2.0,4069700044,4.0,no violations,no violations,no violations,no violations,no violations,0.0,0.0,0.0,0,0,1,0,0.0,0,Queens
1865,48,36.0,88 HERKIMER STREET,C1,HERKIMER PROPERTIES L,16.0,3018650048,3.0,19930816,LL6291,36760,V-DOB VIOLATION - ACTIVE,LL6291-LOCAL LAW 62/91 - BOILERS                                       BOILER  REQUIRED,11.0,0.0,11.0,0,1,1,0,7.5,1,Brooklyn
1240,38,36.0,750 NOSTRAND AVENUE,J9,750 REALTY HOLDINGS LLC,0.0,3012400038,3.0,19910425,LL1081,02235,V-DOB VIOLATION - ACTIVE,LL1081-LOCAL LAW 10/81 - ELEVATOR                                      ELEVATOROPTIONAL,0.0,1.0,0.0,1,1,0,1,6.0,1,Brooklyn
1797,109,36.0,203 LEXINGTON AVENUE,B3,"DOWIE, HARRIOTT",2.0,3017970109,3.0,19881208,C,03H02,V-DOB VIOLATION - ACTIVE,C-CONSTRUCTION                                                    OTHER   OPTIONAL,0.0,1.0,0.0,1,1,1,0,5.0,0,Brooklyn
5057,5,40.0,651 ROGERS AVENUE,S2,SINGH STELLA BEARBAL,2.0,3050570005,3.0,20230425,LBLVIO,12977,V-DOB VIOLATION - ACTIVE,LBLVIO-LOW PRESSURE BOILER                                             BOILER  REQUIRED,0.0,1.0,0.0,1,1,0,0,5.0,0,Brooklyn
7445,6,23.0,56-04 217 STREET,B1,SIU YIN YEUNG,2.0,4074450006,4.0,no violations,no violations,no violations,no violations,no violations,0.0,0.0,0.0,0,0,1,0,0.0,0,Queens
7774,53,45.0,1276 EAST 49 STREET,A5,"RUAN, LI FENG",1.0,3077740053,3.0,no violations,no violations,no violations,no violations,no violations,0.0,0.0,0.0,0,0,1,0,0.0,0,Brooklyn
7632,39,45.0,1115 EAST 32 STREET,A1,"SHATS, ALEKSEY",1.0,3076320039,3.0,no violations,no violations,no violations,no violations,no violations,0.0,0.0,0.0,0,0,1,0,0.0,0,Brooklyn
6621,20,24.0,72-48 MAIN STREET,K4,GAVRIEL PLAZA INC,0.0,4066210020,4.0,20201224,E,9027/694734,V-DOB VIOLATION - ACTIVE,E-ELEVATOR                                                        ELEVATORREQUIRED,0.0,0.0,0.0,0,1,0,1,3.0,0,Queens
6825,27,48.0,2306 OCEAN AVENUE,D1,SAINT JOSEPH REALTY LLC,72.0,3068250027,3.0,20180126,ACC1,05872,V-DOB VIOLATION - ACTIVE,ACC1-(OTHER BLDGS TYPES) - ELEVATOR AFFIRMATION OF CORRECTION        ELEVATORREQUIRED,17.0,0.0,17.0,0,1,1,0,10.5,1,Brooklyn
2860,42,49.0,12 ST JOHNS AVENUE,A1,"QIU, SHUIJIN",1.0,5028600042,5.0,no violations,no violations,no violations,no violations,no violations,0.0,0.0,0.0,0,0,1,0,0.0,0,Staten Island
7626,9,23.0,67-08 215 STREET,A5,VINCENT ROSSI,1.0,4076260009,4.0,no violations,no violations,no violations,no violations,no violations,0.0,0.0,0.0,0,0,1,0,0.0,0,Queens
4704,9,45.0,5622 CHURCH AVENUE,K1,PBS ONE LLC,0.0,3047040009,3.0,20170224,LBLVIO,10162,V-DOB VIOLATION - ACTIVE,LBLVIO-LOW PRESSURE BOILER                                             BOILER  REQUIRED,0.0,0.0,0.0,0,1,0,1,3.0,0,Brooklyn
5056,55,40.0,652 ROGERS AVENUE,S5,652 ROGERS AVE LLC,5.0,3050560055,3.0,20230620,LBLVIO,17106,V-DOB VIOLATION - ACTIVE,LBLVIO-LOW PRESSURE BOILER                                             BOILER  REQUIRED,1.0,0.0,1.0,0,1,0,0,2.5,0,Brooklyn
1328,16,40.0,150 LEFFERTS AVENUE,D1,150 LEFFERTS AVENUECOMPANY LLC,53.0,3013280016,3.0,20030321,LL1081,02004,V-DOB VIOLATION - ACTIVE,LL1081-LOCAL LAW 10/81 - ELEVATOR                                      ELEVATOROPTIONAL,199.0,1.0,199.0,1,1,1,0,104.5,1,Brooklyn
5042,6,40.0,647 FLATBUSH AVENUE,C1,"423 FLATBUSH, LLC",8.0,3050420006,3.0,19950829,LL6291,36535,V-DOB VIOLATION - ACTIVE,LL6291-LOCAL LAW 62/91 - BOILERS                                       BOILER  REQUIRED,94.0,1.0,94.0,1,1,1,0,52.0,1,Brooklyn
1305,76,35.0,227 SULLIVAN PLACE,C1,227 REALTY GROUP,27.0,3013050076,3.0,20211201,EGRADE,2102207,V-DOB VIOLATION - ACTIVE,EGRADE-FAILURE TO POST ENERGY GRADE/SCORE                              NONE,38.0,1.0,38.0,1,1,1,0,24.0,1,Brooklyn
5113,31,40.0,515 CONEY ISLAND AVENUE,S2,515 & 517 CONEY ISLAND LLC,2.0,3051130031,3.0,20120109,C,1408WG,V-DOB VIOLATION - ACTIVE,C-CONSTRUCTION                                                    OTHER   OPTIONAL,0.0,0.0,0.0,0,1,0,0,2.0,0,Brooklyn
1273,8,35.0,847 FRANKLIN AVENUE,S9,SAMUEL SPRINGER,6.0,3012730008,3.0,19930816,LL6291,36393,V-DOB VIOLATION - ACTIVE,LL6291-LOCAL LAW 62/91 - BOILERS                                       BOILER  REQUIRED,4.0,1.0,4.0,1,1,0,0,7.0,1,Brooklyn
6617,34,24.0,141-26 70 AVENUE,B1,EDWARD KLEINMAN A/K/A EDDIE M. KLEINMAN  IRR. TRUST,2.0,4066170034,4.0,no violations,no violations,no violations,no violations,no violations,0.0,1.0,0.0,1,0,1,0,3.0,0,Queens
1954,2,36.0,329 FRANKLIN AVENUE,C1,"FOOD FIRST NDFC, INC.",16.0,3019540002,3.0,20230630,LBLVIO,25571,V-DOB VIOLATION - ACTIVE,LBLVIO-LOW PRESSURE BOILER                                             BOILER  REQUIRED,50.0,0.0,50.0,0,1,1,0,27.0,1,Brooklyn
782,10,50.0,226 WARWICK AVENUE,A5,TING LU ZHAO,1.0,5007820010,5.0,no violations,no violations,no violations,no violations,no violations,0.0,0.0,0.0,0,0,1,0,0.0,0,Staten Island
2844,1,49.0,409 TOMPKINS AVENUE,S4,"DAM  REALTY HOLDING, LLC",4.0,5028440001,5.0,no violations,no violations,no violations,no violations,no violations,0.0,1.0,0.0,1,0,0,0,3.0,0,Staten Island
6986,34,24.0,75-10 168 STREET,A5,"KYRIANNIS, EMANUEL N",1.0,4069860034,4.0,no violations,no violations,no violations,no violations,no violations,0.0,0.0,0.0,0,0,1,0,0.0,0,Queens
2763,352,17.0,741 WHITTIER STREET,C0,RAMJOHN  WAYNE,3.0,2027630352,2.0,20201223,AEUHAZ1,00218,V-DOB VIOLATION - ACTIVE,AEUHAZ1-FAIL TO CERTIFY CLASS 1                                         NONE,1.0,1.0,1.0,1,1,1,0,5.5,1,Bronx
7687,1,23.0,69-03 228 STREET,A2,TZU CHI HSU,1.0,4076870001,4.0,no violations,no violations,no violations,no violations,no violations,0.0,0.0,0.0,0,0,1,0,0.0,0,Queens
7596,46,45.0,3216 AVENUE I,B2,"SKYERS, MARCIA",2.0,3075960046,3.0,20190807,AEUHAZ1,00572,V-DOB VIOLATION - ACTIVE,AEUHAZ1-FAIL TO CERTIFY CLASS 1                                         NONE,4.0,1.0,4.0,1,1,1,0,7.0,1,Brooklyn
1989,1,36.0,495 CLASSON AVENUE,M1,ELIM GOSPEL TABERNACLE,0.0,3019890001,3.0,20230424,C,23-01158,V-DOB VIOLATION - ACTIVE,C-CONSTRUCTION                                                    OTHER   OPTIONAL,0.0,0.0,0.0,0,1,0,1,3.0,0,Brooklyn
8116,81,19.0,41-40 247 STREET,A5,"CHAU, CALVIN",1.0,4081160081,4.0,no violations,no violations,no violations,no violations,no violations,0.0,0.0,0.0,0,0,1,0,0.0,0,Queens
3084,1,34.0,74 BOGART STREET,E7,74 BOGART LLC,0.0,3030840001,3.0,19970113,LL1081,03022,V-DOB VIOLATION - ACTIVE,LL1081-LOCAL LAW 10/81 - ELEVATOR                                      ELEVATOROPTIONAL,0.0,0.0,0.0,0,1,0,1,3.0,0,Brooklyn
6798,5,24.0,159-13 72 AVENUE,C1,BAMYAN TOWER LLC,8.0,4067980005,4.0,no violations,no violations,no violations,no violations,no violations,0.0,0.0,0.0,0,0,1,0,0.0,0,Queens
4679,37,41.0,5303 CHURCH AVENUE,S1,TROY BINNS,1.0,3046790037,3.0,19970210,LL6291,26668,V-DOB VIOLATION - ACTIVE,LL6291-LOCAL LAW 62/91 - BOILERS                                       BOILER  REQUIRED,0.0,0.0,0.0,0,1,0,0,2.0,0,Brooklyn
1273,8,35.0,847 FRANKLIN AVENUE,S9,SAMUEL SPRINGER,6.0,3012730008,3.0,19970916,LL6291,218912,V-DOB VIOLATION - ACTIVE,LL6291-LOCAL LAW 62/91 - BOILERS                                       BOILER  REQUIRED,4.0,1.0,4.0,1,1,0,0,7.0,1,Brooklyn
16114,2,31.0,81-04 ROCKAWAY BEACH BLVD,D3,NYC HOUSING AUTHORITY,712.0,4161140002,4.0,20220222,FISPNRF,01427,V-DOB VIOLATION - ACTIVE,FISPNRF-NO REPORT AND / OR LATE FILING (FACADE)                         FACADE  REQUIRED,0.0,0.0,0.0,0,1,1,0,2.0,0,Queens
5608,31,38.0,4414 FT HAMILTON PARKWAY,S1,"ENGELBERG, DAVID",1.0,3056080031,3.0,20191108,LBLVIO,09826,V-DOB VIOLATION - ACTIVE,LBLVIO-LOW PRESSURE BOILER                                             BOILER  REQUIRED,0.0,1.0,0.0,1,1,0,0,5.0,0,Brooklyn
733,25,38.0,848 43 STREET,C6,ADVANCE HOMES ASSN,36.0,3007330025,3.0,20230620,LBLVIO,28290,V-DOB VIOLATION - ACTIVE,LBLVIO-LOW PRESSURE BOILER                                             BOILER  REQUIRED,1.0,0.0,1.0,0,1,1,0,2.5,0,Brooklyn
1999,37,36.0,1163 FULTON STREET,V1,SSA REO ASSETS 08 LLC,0.0,3019990037,3.0,20091231,LBLVIO,12650,V-DOB VIOLATION - ACTIVE,LBLVIO-LOW PRESSURE BOILER                                             BOILER  REQUIRED,1.0,1.0,1.0,1,1,0,1,6.5,1,Brooklyn
2762,365,17.0,1399 LAFAYETTE AVENUE,P5,THE POINT COMMUNITY DEVEL CORP,0.0,2027620365,2.0,20010227,LL6291,09757,V-DOB VIOLATION - ACTIVE,LL6291-LOCAL LAW 62/91 - BOILERS                                       BOILER  REQUIRED,0.0,0.0,0.0,0,1,0,1,3.0,0,Bronx
1780,71,21.0,108-33 ROOSEVELT AVENUE,B2,"QUINONES, JULIO",2.0,4017800071,4.0,no violations,no violations,no violations,no violations,no violations,0.0,0.0,0.0,0,0,1,0,0.0,0,Queens
5302,40,39.0,3461 FT HAMILTON PARKWAY,F9,3449-3461 HAMILTON FT LLC,0.0,3053020040,3.0,no violations,no violations,no violations,no violations,no violations,0.0,1.0,0.0,1,0,0,1,4.0,0,Brooklyn
5619,7501,38.0,4608 10 AVENUE,R2,WEST SIDE MANOR CONDOMINIUM ASSOC,16.0,3056197501,3.0,20230630,LBLVIO,22518,V-DOB VIOLATION - ACTIVE,LBLVIO-LOW PRESSURE BOILER                                             BOILER  REQUIRED,6.0,1.0,6.0,1,1,0,0,8.0,1,Brooklyn
2000,7501,36.0,1240 BEDFORD AVENUE,R4,THE BEDFORD PLACE CONDOMINIUMS,43.0,3020007501,3.0,20230620,LBLVIO,29316,V-DOB VIOLATION - ACTIVE,LBLVIO-LOW PRESSURE BOILER                                             BOILER  REQUIRED,7.0,0.0,7.0,0,1,0,0,5.5,1,Brooklyn
8390,22,46.0,1463 EAST 68 STREET,B9,ELEANOR GERBINO,2.0,3083900022,3.0,no violations,no violations,no violations,no violations,no violations,0.0,0.0,0.0,0,0,1,0,0.0,0,Brooklyn
5352,2,13.0,2845 WATERBURY AVENUE,B1,"CALHOUN, WILLIAM",2.0,2053520002,2.0,no violations,no violations,no violations,no violations,no violations,0.0,1.0,0.0,1,0,1,0,3.0,0,Bronx
5457,35,20.0,158-10 46 AVENUE,B3,WAI FOON WAVY PANG YU,2.0,4054570035,4.0,no violations,no violations,no violations,no violations,no violations,0.0,0.0,0.0,0,0,1,0,0.0,0,Queens
6980,39,24.0,73 AVENUE,V0,SUSSMAN DEBBIE,0.0,4069800039,4.0,no violations,no violations,no violations,no violations,no violations,0.0,0.0,0.0,0,0,0,1,1.0,0,Queens
7952,17,23.0,86-41 RANGE STREET,B3,"NAIR, BALAKRISHNAN",2.0,4079520017,4.0,no violations,no violations,no violations,no violations,no violations,0.0,0.0,0.0,0,0,1,0,0.0,0,Queens
16137,38,32.0,151 BEACH 91 STREET,C1,KAROWOFELA ENTERPRISES INC.,7.0,4161370038,4.0,no violations,no violations,no violations,no violations,no violations,10.0,1.0,10.0,1,0,1,0,8.0,1,Queens
1780,76,21.0,108-23 ROOSEVELT AVENUE,S2,"ARICHAVALA, MAURO A",2.0,4017800076,4.0,20230630,LBLVIO,17041,V-DOB VIOLATION - ACTIVE,LBLVIO-LOW PRESSURE BOILER                                             BOILER  REQUIRED,0.0,0.0,0.0,0,1,0,0,2.0,0,Queens
5373,31,13.0,2846 HARRINGTON AVENUE,A1,ANGELA PRISCIANDARO-STOCKER IRREVOCABLE  LIVING TRU,1.0,2053730031,2.0,no violations,no violations,no violations,no violations,no violations,0.0,0.0,0.0,0,0,1,0,0.0,0,Bronx
4754,37,50.0,471 PROMENADE AVENUE,V0,CITY OF NEW YORK,0.0,5047540037,5.0,no violations,no violations,no violations,no violations,no violations,0.0,0.0,0.0,0,0,0,1,1.0,0,Staten Island
7895,44,46.0,5002 AVENUE N,S9,UTICAN LLC,4.0,3078950044,3.0,20130301,LBLVIO,12348,V-DOB VIOLATION - ACTIVE,LBLVIO-LOW PRESSURE BOILER                                             BOILER  REQUIRED,4.0,0.0,4.0,0,1,0,0,4.0,0,Brooklyn
7597,52,45.0,1704 FLATBUSH AVENUE,S1,"QAHIRA SMALLS, TRUSTEE",1.0,3075970052,3.0,19940725,LL6291,03896,V-DOB VIOLATION - ACTIVE,LL6291-LOCAL LAW 62/91 - BOILERS                                       BOILER  REQUIRED,0.0,0.0,0.0,0,1,0,0,2.0,0,Brooklyn
7801,24,46.0,1291 EAST 53 STREET,C0,"BOREL, PURNEL",3.0,3078010024,3.0,no violations,no violations,no violations,no violations,no violations,0.0,0.0,0.0,0,0,1,0,0.0,0,Brooklyn
7799,3,46.0,5117 AVENUE K,A9,"LOUIS, SACHILINE CESAR JEAN",1.0,3077990003,3.0,no violations,no violations,no violations,no violations,no violations,0.0,0.0,0.0,0,0,1,0,0.0,0,Brooklyn
8900,18,46.0,39 CANTON COURT,A1,"WEI, HONG",1.0,3089000018,3.0,no violations,no violations,no violations,no violations,no violations,0.0,0.0,0.0,0,0,1,0,0.0,0,Brooklyn
2820,95,49.0,1 EDGEWATER STREET,O3,ONE EDGEWATER EQUITIES LLC,0.0,5028200095,5.0,20180202,BENCH,00397,V-DOB VIOLATION - ACTIVE,BENCH-FAILURE TO BENCHMARK                                            NONE,0.0,0.0,0.0,0,1,0,1,3.0,0,Staten Island
5091,68,40.0,2807 CHURCH AVENUE,S1,15 EAST 19TH LLC,1.0,3050910068,3.0,19950829,LL6291,28933,V-DOB VIOLATION - ACTIVE,LL6291-LOCAL LAW 62/91 - BOILERS                                       BOILER  REQUIRED,2.0,0.0,2.0,0,1,0,0,3.0,0,Brooklyn
7597,74,45.0,1683 FLATBUSH AVENUE,S2,JOYCE FRANCIS,2.0,3075970074,3.0,20230630,LBLVIO,33768,V-DOB VIOLATION - ACTIVE,LBLVIO-LOW PRESSURE BOILER                                             BOILER  REQUIRED,8.0,1.0,8.0,1,1,0,0,9.0,1,Brooklyn
8522,23,46.0,2043 EAST 36 STREET,A5,THE JAMES F. RESCINITI REVOCABLE LIVING  TRUST,1.0,3085220023,3.0,no violations,no violations,no violations,no violations,no violations,0.0,0.0,0.0,0,0,1,0,0.0,0,Brooklyn
7610,56,23.0,61-35 220 STREET,O5,ASSOCIATION FOR NEUROLOGICALLY IMPAIRED  BRAIN,0.0,4076100056,4.0,20190802,BENCH,01934,V-DOB VIOLATION - ACTIVE,BENCH-FAILURE TO BENCHMARK                                            NONE,0.0,0.0,0.0,0,1,0,1,3.0,0,Queens
5638,43,38.0,983 50 STREET,B1,983 REALTY HOLDINGS LLC,2.0,3056380043,3.0,no violations,no violations,no violations,no violations,no violations,0.0,0.0,0.0,0,0,1,0,0.0,0,Brooklyn
4764,22,45.0,528 EAST 54 STREET,B1,"BROWN, LIONEL",2.0,3047640022,3.0,no violations,no violations,no violations,no violations,no violations,0.0,0.0,0.0,0,0,1,0,0.0,0,Brooklyn
5603,26,44.0,1146 43 STREET,B2,BELLOCCI LEONARDO,2.0,3056030026,3.0,no violations,no violations,no violations,no violations,no violations,0.0,0.0,0.0,0,0,1,0,0.0,0,Brooklyn
8702,98,48.0,8 BRIGHTON 10 COURT,B1,"EKICI, ISMAIL",2.0,3087020098,3.0,no violations,no violations,no violations,no violations,no violations,0.0,1.0,0.0,1,0,1,0,3.0,0,Brooklyn
8129,131,19.0,43-29 CORNELL LANE,A1,"LONG, JIE YING",1.0,4081290131,4.0,no violations,no violations,no violations,no violations,no violations,0.0,0.0,0.0,0,0,1,0,0.0,0,Queens
5043,10,40.0,1919 BEDFORD AVENUE,O7,1919 BEDFORD REALTY LLC,0.0,3050430010,3.0,20230425,LBLVIO,18911,V-DOB VIOLATION - ACTIVE,LBLVIO-LOW PRESSURE BOILER                                             BOILER  REQUIRED,1.0,1.0,1.0,1,1,0,1,6.5,1,Brooklyn
7683,12,23.0,69-18 225 STREET,B3,"TSAI, CHAO WEN",2.0,4076830012,4.0,no violations,no violations,no violations,no violations,no violations,0.0,0.0,0.0,0,0,1,0,0.0,0,Queens
3845,48,41.0,263 LOTT AVENUE,B1,JIMMY E. HODGES,2.0,3038450048,3.0,no violations,no violations,no violations,no violations,no violations,0.0,0.0,0.0,0,0,1,0,0.0,0,Brooklyn
8545,8,46.0,2081 EAST 53 PLACE,B9,TOWER 2081 REALTY LLC,2.0,3085450008,3.0,no violations,no violations,no violations,no violations,no violations,0.0,1.0,0.0,1,0,1,0,3.0,0,Brooklyn
5219,4,45.0,1908 NEWKIRK AVENUE,C1,"NEWKIRK NOSTRAND EAST SPE OWNER, LLC",22.0,3052190004,3.0,20231102,BENCH,00366,V-DOB VIOLATION - ACTIVE,BENCH-FAILURE TO BENCHMARK                                            NONE,44.0,1.0,44.0,1,1,1,0,27.0,1,Brooklyn
3866,148,42.0,660 HINSDALE STREET,A5,"LIVINGSTON, VIVIENNE",1.0,3038660148,3.0,no violations,no violations,no violations,no violations,no violations,0.0,0.0,0.0,0,0,1,0,0.0,0,Brooklyn
2766,92,17.0,1315 RANDALL AVENUE,F5,A & M CARPENTRY DESIGNS CORP.,0.0,2027660092,2.0,19930517,LL6291,02247,V-DOB VIOLATION - ACTIVE,LL6291-LOCAL LAW 62/91 - BOILERS                                       BOILER  REQUIRED,0.0,1.0,0.0,1,1,0,1,6.0,1,Bronx
8513,17,46.0,1879 EAST 52 STREET,B1,"SIMPSON, ALTHEA",2.0,3085130017,3.0,no violations,no violations,no violations,no violations,no violations,0.0,0.0,0.0,0,0,1,0,0.0,0,Brooklyn
6757,56,24.0,61-50 162 STREET,S2,162 MANAGEMENT INC,2.0,4067570056,4.0,20200117,LBLVIO,02796,V-DOB VIOLATION - ACTIVE,LBLVIO-LOW PRESSURE BOILER                                             BOILER  REQUIRED,0.0,0.0,0.0,0,1,0,0,2.0,0,Queens
4421,13,42.0,1068 BARBEY STREET,C0,MILES ASTLEY G,3.0,3044210013,3.0,no violations,no violations,no violations,no violations,no violations,0.0,0.0,0.0,0,0,1,0,0.0,0,Brooklyn
5202,19,20.0,45-36 BOWNE STREET,V0,HINDU TEMPLE SOCIETYOF NORTH AMERICA,0.0,4052020019,4.0,20170405,AEUHAZ1,00370,V-DOB VIOLATION - ACTIVE,AEUHAZ1-FAIL TO CERTIFY CLASS 1                                         NONE,0.0,0.0,0.0,0,1,0,1,3.0,0,Queens
4638,24,41.0,825 LENOX ROAD,C2,825 LENOX ROAD LLC,6.0,3046380024,3.0,20150303,LBLVIO,11027,V-DOB VIOLATION - ACTIVE,LBLVIO-LOW PRESSURE BOILER                                             BOILER  REQUIRED,9.0,0.0,9.0,0,1,1,0,6.5,1,Brooklyn
1831,10,21.0,127-10 35 AVENUE,G2,"ZAVALA, KILLIAN",0.0,4018310010,4.0,20130703,AEUHAZ1,00219,V-DOB VIOLATION - ACTIVE,AEUHAZ1-FAIL TO CERTIFY CLASS 1                                         NONE,0.0,1.0,0.0,1,1,0,1,6.0,1,Queens
5011,47,20.0,142-07 38 AVENUE,C0,"LI, XIN QUAN",3.0,4050110047,4.0,no violations,no violations,no violations,no violations,no violations,0.0,0.0,0.0,0,0,1,0,0.0,0,Queens
5370,6,39.0,116 AVENUE C,C1,SANDVIP REALTY CORP.,12.0,3053700006,3.0,20180406,LBLVIO,07303,V-DOB VIOLATION - ACTIVE,LBLVIO-LOW PRESSURE BOILER                                             BOILER  REQUIRED,31.0,0.0,31.0,0,1,1,0,17.5,1,Brooklyn
5193,1,20.0,43-57 UNION STREET,D4,FRANCONIA VILL CORP,60.0,4051930001,4.0,20130603,BENCH,01191,V-DOB VIOLATION - ACTIVE,BENCH-FAILURE TO BENCHMARK                                            NONE,0.0,0.0,0.0,0,1,1,0,2.0,0,Queens
7660,57,23.0,64-56 CLOVERDALE BOULEVARD,B3,GLOBAL ESTATE LLC,2.0,4076600057,4.0,no violations,no violations,no violations,no violations,no violations,0.0,0.0,0.0,0,0,1,0,0.0,0,Queens
7133,16,24.0,69-24 181 STREET,A1,"KOYENOV, SAM",1.0,4071330016,4.0,no violations,no violations,no violations,no violations,no violations,0.0,0.0,0.0,0,0,1,0,0.0,0,Queens
1807,12,36.0,178 QUINCY STREET,C0,7 STARS ASSOCIATION LLC,3.0,3018070012,3.0,no violations,no violations,no violations,no violations,no violations,0.0,0.0,0.0,0,0,1,0,0.0,0,Brooklyn
5043,10,40.0,1919 BEDFORD AVENUE,O7,1919 BEDFORD REALTY LLC,0.0,3050430010,3.0,20230620,LBLVIO,31914,V-DOB VIOLATION - ACTIVE,LBLVIO-LOW PRESSURE BOILER                                             BOILER  REQUIRED,1.0,1.0,1.0,1,1,0,1,6.5,1,Brooklyn
805,60,50.0,181 HAROLD STREET,B9,MAGORI FAMILY RESIDENCE TRUST,2.0,5008050060,5.0,no violations,no violations,no violations,no violations,no violations,0.0,0.0,0.0,0,0,1,0,0.0,0,Staten Island
1247,1,35.0,159 ROGERS AVENUE,S9,OLUFEMI FALADE,6.0,3012470001,3.0,19970916,LL6291,218567,V-DOB VIOLATION - ACTIVE,LL6291-LOCAL LAW 62/91 - BOILERS                                       BOILER  REQUIRED,13.0,1.0,13.0,1,1,0,0,11.5,1,Brooklyn
1282,3,35.0,261 ROGERS AVENUE,S2,"FIGARO, YVES S",2.0,3012820003,3.0,19950829,LL6291,27705,V-DOB VIOLATION - ACTIVE,LL6291-LOCAL LAW 62/91 - BOILERS                                       BOILER  REQUIRED,0.0,1.0,0.0,1,1,0,0,5.0,0,Brooklyn
15913,64,31.0,66-19 BEACH CHANNEL DRIVE,K1,N & R BEACH CHANNEL DRIVE INC.,0.0,4159130064,4.0,19950829,LL6291,40810,V-DOB VIOLATION - ACTIVE,LL6291-LOCAL LAW 62/91 - BOILERS                                       BOILER  REQUIRED,0.0,1.0,0.0,1,1,0,1,6.0,1,Queens
2763,352,17.0,741 WHITTIER STREET,C0,RAMJOHN  WAYNE,3.0,2027630352,2.0,20201223,AEUHAZ1,00218,V-DOB VIOLATION - ACTIVE,AEUHAZ1-FAIL TO CERTIFY CLASS 1                                         NONE,1.0,1.0,1.0,1,1,1,0,5.5,1,Bronx
4236,26,42.0,2812 PITKIN AVENUE,B2,DONNA GANGADEEN-RAMSAHAI,2.0,3042360026,3.0,no violations,no violations,no violations,no violations,no violations,0.0,0.0,0.0,0,0,1,0,0.0,0,Brooklyn
4697,2,45.0,4904 CHURCH AVENUE,S2,"4904 CHURCH AVE, LLC",2.0,3046970002,3.0,19930816,LL6291,27698,V-DOB VIOLATION - ACTIVE,LL6291-LOCAL LAW 62/91 - BOILERS                                       BOILER  REQUIRED,2.0,0.0,2.0,0,1,0,0,3.0,0,Brooklyn
6418,38,20.0,146-27 61 ROAD,B3,"GUO, WEN XUAN",2.0,4064180038,4.0,no violations,no violations,no violations,no violations,no violations,0.0,0.0,0.0,0,0,1,0,0.0,0,Queens
4684,1,50.0,512 RIGA STREET,A5,"MAMADJANOV, AZIZ",1.0,5046840001,5.0,no violations,no violations,no violations,no violations,no violations,0.0,0.0,0.0,0,0,1,0,0.0,0,Staten Island
5355,8,13.0,1312 EDISON AVENUE,V0,"RADONCIC, ELVIR",0.0,2053550008,2.0,no violations,no violations,no violations,no violations,no violations,0.0,1.0,0.0,1,0,0,1,4.0,0,Bronx
7974,35,45.0,773 EAST 56 STREET,B1,"HOWELL, TANISHA",2.0,3079740035,3.0,no violations,no violations,no violations,no violations,no violations,0.0,0.0,0.0,0,0,1,0,0.0,0,Brooklyn
5313,43,39.0,25 CHURCH AVENUE,K2,HECTOR & RITA ALVAREZ,0.0,3053130043,3.0,20070119,LL6291,14620,V-DOB VIOLATION - ACTIVE,LL6291-LOCAL LAW 62/91 - BOILERS                                       BOILER  REQUIRED,0.0,0.0,0.0,0,1,0,1,3.0,0,Brooklyn
6722,31,20.0,57-52 156 STREET,A5,"HSU, ERIC",1.0,4067220031,4.0,no violations,no violations,no violations,no violations,no violations,0.0,0.0,0.0,0,0,1,0,0.0,0,Queens
741,45,38.0,4414 8 AVENUE,S2,838 SUNSET PARK LLC,2.0,3007410045,3.0,20230620,LBLVIO,31944,V-DOB VIOLATION - ACTIVE,LBLVIO-LOW PRESSURE BOILER                                             BOILER  REQUIRED,0.0,0.0,0.0,0,1,0,0,2.0,0,Brooklyn
3866,131,42.0,200 NEW LOTS AVENUE,A5,JENNIFER M. SPAULDING,1.0,3038660131,3.0,no violations,no violations,no violations,no violations,no violations,0.0,0.0,0.0,0,0,1,0,0.0,0,Brooklyn
5090,61,40.0,2549 CHURCH AVENUE,M1,EGLISE BAPTISTE/COM.FRA.,0.0,3050900061,3.0,19930601,LL6291,12318,V-DOB VIOLATION - ACTIVE,LL6291-LOCAL LAW 62/91 - BOILERS                                       BOILER  REQUIRED,0.0,0.0,0.0,0,1,0,1,3.0,0,Brooklyn
5361,17,13.0,1314 HOBART AVENUE,B1,"ACEVEDO, ALEJANDRO",2.0,2053610017,2.0,no violations,no violations,no violations,no violations,no violations,0.0,0.0,0.0,0,0,1,0,0.0,0,Bronx
3624,27,42.0,555 BRISTOL STREET,B1,"WILLIAM, WARREN A",2.0,3036240027,3.0,no violations,no violations,no violations,no violations,no violations,0.0,1.0,0.0,1,0,1,0,3.0,0,Brooklyn
7195,68,24.0,75-43 180 STREET,A2,"DELLAMONICA, JULIA T",1.0,4071950068,4.0,no violations,no violations,no violations,no violations,no violations,0.0,0.0,0.0,0,0,1,0,0.0,0,Queens
6535,45,24.0,144-13 69 AVENUE,A5,"HARTMAN, YEHOSHUA Z",1.0,4065350045,4.0,no violations,no violations,no violations,no violations,no violations,0.0,0.0,0.0,0,0,1,0,0.0,0,Queens
8217,119,19.0,248-15 RUSHMORE AVENUE,A1,EDWARD CIACCIO,1.0,4082170119,4.0,no violations,no violations,no violations,no violations,no violations,0.0,0.0,0.0,0,0,1,0,0.0,0,Queens
2820,140,49.0,200 EDGEWATER STREET,E1,REYNOLDS SHIPYARD CORP,0.0,5028200140,5.0,no violations,no violations,no violations,no violations,no violations,0.0,0.0,0.0,0,0,0,1,1.0,0,Staten Island
2766,92,17.0,1315 RANDALL AVENUE,F5,A & M CARPENTRY DESIGNS CORP.,0.0,2027660092,2.0,20010227,LL6291,09768,V-DOB VIOLATION - ACTIVE,LL6291-LOCAL LAW 62/91 - BOILERS                                       BOILER  REQUIRED,0.0,1.0,0.0,1,1,0,1,6.0,1,Bronx
5185,78,20.0,140-19 BEECH AVENUE,C1,MONTENEGRO REALTY CORP,43.0,4051850078,4.0,20080103,LL6291,21026,V-DOB VIOLATION - ACTIVE,LL6291-LOCAL LAW 62/91 - BOILERS                                       BOILER  REQUIRED,7.0,0.0,7.0,0,1,1,0,5.5,1,Queens
4180,26,37.0,411 AUTUMN AVENUE,B2,"LOPEZ, MARIO",2.0,3041800026,3.0,no violations,no violations,no violations,no violations,no violations,0.0,0.0,0.0,0,0,1,0,0.0,0,Brooklyn
4016,26,50.0,407 TARRYTOWN AVENUE,B3,"LAN NG, YET",2.0,5040160026,5.0,no violations,no violations,no violations,no violations,no violations,0.0,0.0,0.0,0,0,1,0,0.0,0,Staten Island
513,5,49.0,560 BAY STREET,K4,"STATEN ISLAND BEACH, LLC",0.0,5005130005,5.0,20080103,LL6291,26546,V-DOB VIOLATION - ACTIVE,LL6291-LOCAL LAW 62/91 - BOILERS                                       BOILER  REQUIRED,0.0,1.0,0.0,1,1,0,1,6.0,1,Staten Island
1984,30,35.0,17 IRVING PLACE,B3,"HATSATOURIS, NICHOLAS",2.0,3019840030,3.0,19970922,C,02H503,V-DOB VIOLATION - ACTIVE,C-CONSTRUCTION                                                    OTHER   OPTIONAL,0.0,1.0,0.0,1,1,1,0,5.0,0,Brooklyn
1974,25,36.0,1116 BEDFORD AVENUE,S5,CORPORATE EQUITY RESOURCES LLC,5.0,3019740025,3.0,no violations,no violations,no violations,no violations,no violations,1.0,1.0,1.0,1,0,0,0,3.5,0,Brooklyn
5605,53,44.0,1369 44 STREET,C2,SPREI FAMILY TRUST,5.0,3056050053,3.0,19930816,LL6291,19569,V-DOB VIOLATION - ACTIVE,LL6291-LOCAL LAW 62/91 - BOILERS                                       BOILER  REQUIRED,5.0,1.0,5.0,1,1,1,0,7.5,1,Brooklyn
7757,77,45.0,1102 EAST 54 STREET,B9,VERNA BAIN,2.0,3077570077,3.0,no violations,no violations,no violations,no violations,no violations,0.0,0.0,0.0,0,0,1,0,0.0,0,Brooklyn
2869,1,49.0,30 PARK HILL COURT,C9,FAIRWAY HOUSING ASSOC,36.0,5028690001,5.0,20180406,LBLVIO,19029,V-DOB VIOLATION - ACTIVE,LBLVIO-LOW PRESSURE BOILER                                             BOILER  REQUIRED,3.0,0.0,3.0,0,1,1,0,3.5,0,Staten Island
15931,40,31.0,145 BEACH 59 STREET,C1,"H20 HOLDING,",13.0,4159310040,4.0,20070119,LL6291,22702,V-DOB VIOLATION - ACTIVE,LL6291-LOCAL LAW 62/91 - BOILERS                                       BOILER  REQUIRED,14.0,1.0,14.0,1,1,1,0,12.0,1,Queens
513,5,49.0,560 BAY STREET,K4,"STATEN ISLAND BEACH, LLC",0.0,5005130005,5.0,20200202,BENCH,01141,V-DOB VIOLATION - ACTIVE,BENCH-FAILURE TO BENCHMARK                                            NONE,0.0,1.0,0.0,1,1,0,1,6.0,1,Staten Island
16081,24,31.0,329 BEACH 69 STREET,C0,BECKETT HAZEL,3.0,4160810024,4.0,no violations,no violations,no violations,no violations,no violations,0.0,1.0,0.0,1,0,1,0,3.0,0,Queens
5044,1,40.0,215 HAWTHORNE STREET,S9,215 HAWTHORNE STREET CORP,4.0,3050440001,3.0,20180406,LBLVIO,09748,V-DOB VIOLATION - ACTIVE,LBLVIO-LOW PRESSURE BOILER                                             BOILER  REQUIRED,19.0,1.0,19.0,1,1,0,0,14.5,1,Brooklyn
1971,11,36.0,138A LEXINGTON AVENUE,C7,140 LEXINGTON HOUSE LLC,21.0,3019710011,3.0,20170614,AEUHAZ1,00306,V-DOB VIOLATION - ACTIVE,AEUHAZ1-FAIL TO CERTIFY CLASS 1                                         NONE,17.0,1.0,17.0,1,1,1,0,13.5,1,Brooklyn
7471,61,23.0,58-07 220 STREET,A0,"DOONAN, THOMAS P",1.0,4074710061,4.0,no violations,no violations,no violations,no violations,no violations,0.0,0.0,0.0,0,0,1,0,0.0,0,Queens
1328,16,40.0,150 LEFFERTS AVENUE,D1,150 LEFFERTS AVENUECOMPANY LLC,53.0,3013280016,3.0,20170212,E,9028/597698,V-DOB VIOLATION - ACTIVE,E-ELEVATOR                                                        ELEVATORREQUIRED,199.0,1.0,199.0,1,1,1,0,104.5,1,Brooklyn
1755,65,21.0,34-69 111 STREET,C3,MEI MEI ZHANG,4.0,4017550065,4.0,no violations,no violations,no violations,no violations,no violations,1.0,1.0,1.0,1,0,1,0,3.5,0,Queens
1305,1,35.0,355 ROGERS AVENUE,C7,219 REALTY GROUP,25.0,3013050001,3.0,20230630,LBLVIO,42817,V-DOB VIOLATION - ACTIVE,LBLVIO-LOW PRESSURE BOILER                                             BOILER  REQUIRED,64.0,1.0,64.0,1,1,1,0,37.0,1,Brooklyn
4660,40,41.0,175 EAST 54 STREET,C2,ALWOOD LLOYD,6.0,3046600040,3.0,19990316,LL6291,20761,V-DOB VIOLATION - ACTIVE,LL6291-LOCAL LAW 62/91 - BOILERS                                       BOILER  REQUIRED,13.0,1.0,13.0,1,1,1,0,11.5,1,Brooklyn
7896,49,46.0,5124 AVENUE N,K4,JOSEPH MAZZAFERRO,2.0,3078960049,3.0,19980504,LL6291,17631,V-DOB VIOLATION - ACTIVE,LL6291-LOCAL LAW 62/91 - BOILERS                                       BOILER  REQUIRED,0.0,1.0,0.0,1,1,0,0,5.0,0,Brooklyn
1842,67,36.0,1211 FULTON STREET,V1,1211 FULTON PROPERTY LLC,0.0,3018420067,3.0,20230810,IMEGNCY,17801,V-DOB VIOLATION - ACTIVE,IMEGNCY-IMMEDIATE EMERGENCY                                             ANYTHINGOPTIONAL,0.0,1.0,0.0,1,1,0,1,6.0,1,Brooklyn
2017,25,36.0,1156 FULTON STREET,S5,"FULTON FILMS, LLC",5.0,3020170025,3.0,20020326,LL6291,18215,V-DOB VIOLATION - ACTIVE,LL6291-LOCAL LAW 62/91 - BOILERS                                       BOILER  REQUIRED,3.0,1.0,3.0,1,1,0,0,6.5,1,Brooklyn
2820,110,49.0,181 EDGEWATER STREET,E1,181 EDGEWATER ST LLC,0.0,5028200110,5.0,20220202,BENCH,00710,V-DOB VIOLATION - ACTIVE,BENCH-FAILURE TO BENCHMARK                                            NONE,0.0,1.0,0.0,1,1,0,1,6.0,1,Staten Island
6906,36,24.0,165-10 65 AVENUE,A2,WILLIAM ENG,1.0,4069060036,4.0,no violations,no violations,no violations,no violations,no violations,0.0,0.0,0.0,0,0,1,0,0.0,0,Queens
2155,341,50.0,1780 RICHMOND AVENUE,M1,WILLOWBROOK BAPTIST,0.0,5021550341,5.0,20230630,LBLVIO,28717,V-DOB VIOLATION - ACTIVE,LBLVIO-LOW PRESSURE BOILER                                             BOILER  REQUIRED,0.0,0.0,0.0,0,1,0,1,3.0,0,Staten Island
5613,69,38.0,909 46 STREET,B1,"TYBERG , BENZION",2.0,3056130069,3.0,no violations,no violations,no violations,no violations,no violations,0.0,0.0,0.0,0,0,1,0,0.0,0,Brooklyn
3633,29,50.0,147 LOCUST AVENUE,A1,"DROZDOV, MIKHAIL",1.0,5036330029,5.0,no violations,no violations,no violations,no violations,no violations,0.0,0.0,0.0,0,0,1,0,0.0,0,Staten Island
4691,7,41.0,1078 WILLMOHR STREET,C1,1078 WHILLMORE LLC.,12.0,3046910007,3.0,19930816,LL6291,40189,V-DOB VIOLATION - ACTIVE,LL6291-LOCAL LAW 62/91 - BOILERS                                       BOILER  REQUIRED,14.0,1.0,14.0,1,1,1,0,12.0,1,Brooklyn
6717,84,44.0,1013 EAST 15 STREET,M1,TAHARETH ISR OF FLATB,0.0,3067170084,3.0,20230630,LBLVIO,36463,V-DOB VIOLATION - ACTIVE,LBLVIO-LOW PRESSURE BOILER                                             BOILER  REQUIRED,0.0,1.0,0.0,1,1,0,1,6.0,1,Brooklyn
5065,24,20.0,42-20 COLLEGE POINT BLVD,K4,W. GO LLC,2.0,4050650024,4.0,20230630,LBLVIO,11620,V-DOB VIOLATION - ACTIVE,LBLVIO-LOW PRESSURE BOILER                                             BOILER  REQUIRED,0.0,1.0,0.0,1,1,0,0,5.0,0,Queens
5084,42,40.0,180 LENOX ROAD,D1,LENOX180 LLC,77.0,3050840042,3.0,20150610,EVCAT1,02010,V-DOB VIOLATION - ACTIVE,EVCAT1-ELEVATOR ANNUAL INSPECTION / TEST                               ELEVATORREQUIRED,143.0,1.0,143.0,1,1,1,0,76.5,1,Brooklyn
7896,49,46.0,5124 AVENUE N,K4,JOSEPH MAZZAFERRO,2.0,3078960049,3.0,19980504,LL6291,17629,V-DOB VIOLATION - ACTIVE,LL6291-LOCAL LAW 62/91 - BOILERS                                       BOILER  REQUIRED,0.0,1.0,0.0,1,1,0,0,5.0,0,Brooklyn
2314,27,33.0,255 NORTH 8 STREET,C1,"NORTH 8TH STREET MANAGEMENT, LLC",8.0,3023140027,3.0,no violations,no violations,no violations,no violations,no violations,0.0,0.0,0.0,0,0,1,0,0.0,0,Brooklyn
5162,18,40.0,810 OCEAN AVENUE,C1,800 OCEAN AVE INC,13.0,3051620018,3.0,20030319,LL6291,21177,V-DOB VIOLATION - ACTIVE,LL6291-LOCAL LAW 62/91 - BOILERS                                       BOILER  REQUIRED,109.0,0.0,109.0,0,1,1,0,56.5,1,Brooklyn
1985,216,50.0,103 OAKVILLE STREET,B2,"CAPA, KRESHNIK",2.0,5019850216,5.0,no violations,no violations,no violations,no violations,no violations,0.0,0.0,0.0,0,0,1,0,0.0,0,Staten Island
5101,90,40.0,543 OCEAN AVENUE,D1,T & T REALTY ASSOCIATES,62.0,3051010090,3.0,20050804,E,1701/209787,V-DOB VIOLATION - ACTIVE,E-ELEVATOR                                                        ELEVATORREQUIRED,4.0,0.0,4.0,0,1,1,0,4.0,0,Brooklyn
8907,506,46.0,2892 GERRITSEN AVENUE,A1,"SMELYANSKY, IGOR",1.0,3089070506,3.0,no violations,no violations,no violations,no violations,no violations,0.0,0.0,0.0,0,0,1,0,0.0,0,Brooklyn
4107,105,37.0,339 ETNA STREET,C1,114 AUTUMN LLC,7.0,3041070105,3.0,no violations,no violations,no violations,no violations,no violations,0.0,1.0,0.0,1,0,1,0,3.0,0,Brooklyn
5143,92,40.0,341 WESTMINSTER ROAD,B3,"LISMAN, AARON S",2.0,3051430092,3.0,no violations,no violations,no violations,no violations,no violations,0.0,0.0,0.0,0,0,1,0,0.0,0,Brooklyn
5298,34,39.0,1368 39 STREET,E9,"ZOLTAN KLEIN PROPERTIES, LLC",0.0,3052980034,3.0,20140515,HBLVIO,00138,V-DOB VIOLATION - ACTIVE,HBLVIO-HIGH PRESSURE BOILER                                            BOILER  REQUIRED,0.0,1.0,0.0,1,1,0,1,6.0,1,Brooklyn
4700,21,45.0,344 EAST 53 STREET,B3,"AKHTAR, RHASEDA",2.0,3047000021,3.0,no violations,no violations,no violations,no violations,no violations,0.0,0.0,0.0,0,0,1,0,0.0,0,Brooklyn
7851,13,46.0,1501 EAST 53 STREET,A1,U.S. BANK TRUST NATIONAL ASSOCIATION,1.0,3078510013,3.0,no violations,no violations,no violations,no violations,no violations,0.0,0.0,0.0,0,0,1,0,0.0,0,Brooklyn
4638,10,41.0,876 CLARKSON AVENUE,C1,"ALEXIS, CHARMAINE",7.0,3046380010,3.0,19930816,LL6291,23994,V-DOB VIOLATION - ACTIVE,LL6291-LOCAL LAW 62/91 - BOILERS                                       BOILER  REQUIRED,1.0,1.0,1.0,1,1,1,0,5.5,1,Brooklyn
1142,16,35.0,972 DEAN STREET,F5,"9K GROUP, LLC",0.0,3011420016,3.0,20130102,AEUHAZ1,00461,V-DOB VIOLATION - ACTIVE,AEUHAZ1-FAIL TO CERTIFY CLASS 1                                         NONE,0.0,1.0,0.0,1,1,0,1,6.0,1,Brooklyn
4458,66,42.0,707 LOGAN STREET,B3,"MATTIS, EDITH",2.0,3044580066,3.0,no violations,no violations,no violations,no violations,no violations,0.0,1.0,0.0,1,0,1,0,3.0,0,Brooklyn
2017,51,36.0,33 BREVOORT PLACE,C1,33 BREVOORT LLC,7.0,3020170051,3.0,20030319,LL6291,16937,V-DOB VIOLATION - ACTIVE,LL6291-LOCAL LAW 62/91 - BOILERS                                       BOILER  REQUIRED,7.0,0.0,7.0,0,1,1,0,5.5,1,Brooklyn
558,21,49.0,173 PINE PLACE,B2,JONAS IYAJI,2.0,5005580021,5.0,no violations,no violations,no violations,no violations,no violations,0.0,1.0,0.0,1,0,1,0,3.0,0,Staten Island
5335,37,39.0,215 CHURCH AVENUE,S2,"BROOKLYN ASTROS MANAGEMENT, LLC",2.0,3053350037,3.0,20230620,LBLVIO,10268,V-DOB VIOLATION - ACTIVE,LBLVIO-LOW PRESSURE BOILER                                             BOILER  REQUIRED,0.0,0.0,0.0,0,1,0,0,2.0,0,Brooklyn
5043,10,40.0,1919 BEDFORD AVENUE,O7,1919 BEDFORD REALTY LLC,0.0,3050430010,3.0,20230630,LBLVIO,11200,V-DOB VIOLATION - ACTIVE,LBLVIO-LOW PRESSURE BOILER                                             BOILER  REQUIRED,1.0,1.0,1.0,1,1,0,1,6.5,1,Brooklyn
5331,13,13.0,3225 EAST TREMONT AVENUE,O2,3219 TREMONT PLACE LLC,0.0,2053310013,2.0,20170914,E,9027/612360,V-DOB VIOLATION - ACTIVE,E-ELEVATOR                                                        ELEVATORREQUIRED,0.0,1.0,0.0,1,1,0,1,6.0,1,Bronx
7610,40,23.0,61-56 SPRINGFIELD BLVD,O5,JACKSON 13-LEE 74 LLC,0.0,4076100040,4.0,20191102,BENCH,01329,V-DOB VIOLATION - ACTIVE,BENCH-FAILURE TO BENCHMARK                                            NONE,0.0,0.0,0.0,0,1,0,1,3.0,0,Queens
8523,52,46.0,2018 EAST 38 STREET,A9,"SHUSHKOVSKY, KONSTANTIN",1.0,3085230052,3.0,no violations,no violations,no violations,no violations,no violations,0.0,0.0,0.0,0,0,1,0,0.0,0,Brooklyn
4768,70,50.0,KISSAM AVENUE,V0,PROL PROPERTIES CORPORATION,0.0,5047680070,5.0,no violations,no violations,no violations,no violations,no violations,0.0,0.0,0.0,0,0,0,1,1.0,0,Staten Island
8413,23,46.0,2041 EAST 72 STREET,A9,SCHEHTER MONA,1.0,3084130023,3.0,no violations,no violations,no violations,no violations,no violations,0.0,0.0,0.0,0,0,1,0,0.0,0,Brooklyn
6960,18,24.0,71-19 172 STREET,A2,DIPLOMAT MANAGEMENT & CONSTRUCTION LLC,1.0,4069600018,4.0,no violations,no violations,no violations,no violations,no violations,0.0,0.0,0.0,0,0,1,0,0.0,0,Queens
5104,7503,20.0,132-08 POPLE AVENUE,RM,UNAVAILABLE OWNER,22.0,4051047503,4.0,20210429,EGRADE,2004704,V-DOB VIOLATION - ACTIVE,EGRADE-FAILURE TO POST ENERGY GRADE/SCORE                              NONE,0.0,0.0,0.0,0,1,0,0,2.0,0,Queens
4722,28,45.0,522 EAST 51 STREET,C2,NPJ123 CORP.,6.0,3047220028,3.0,20230630,LBLVIO,17647,V-DOB VIOLATION - ACTIVE,LBLVIO-LOW PRESSURE BOILER                                             BOILER  REQUIRED,29.0,1.0,29.0,1,1,1,0,19.5,1,Brooklyn
5589,50,39.0,1273 41 STREET,C0,1273 LLC,3.0,3055890050,3.0,20200312,C,1201GB,V-DOB VIOLATION - ACTIVE,C-CONSTRUCTION                                                    OTHER   OPTIONAL,0.0,0.0,0.0,0,1,1,0,2.0,0,Brooklyn
7567,26,23.0,230-08 57 ROAD,B2,"LOW, SIU-LUN JACKY",2.0,4075670026,4.0,no violations,no violations,no violations,no violations,no violations,0.0,0.0,0.0,0,0,1,0,0.0,0,Queens
8120,42,19.0,42-41 248 STREET,A5,"DIMAIO, MAUREEN",1.0,4081200042,4.0,no violations,no violations,no violations,no violations,no violations,0.0,0.0,0.0,0,0,1,0,0.0,0,Queens
1948,29,35.0,370 LAFAYETTE AVENUE,C1,"JOE, LYDIA",8.0,3019480029,3.0,20050131,LL6291,20747,V-DOB VIOLATION - ACTIVE,LL6291-LOCAL LAW 62/91 - BOILERS                                       BOILER  REQUIRED,2.0,1.0,2.0,1,1,1,0,6.0,1,Brooklyn
1997,35,21.0,41-08 111 STREET,C2,4108 REALTY LLC,6.0,4019970035,4.0,20230425,LBLVIO,20959,V-DOB VIOLATION - ACTIVE,LBLVIO-LOW PRESSURE BOILER                                             BOILER  REQUIRED,0.0,1.0,0.0,1,1,1,0,5.0,0,Queens
5088,65,40.0,237 MARTENSE STREET,B1,HUGH CUMMINGS,2.0,3050880065,3.0,no violations,no violations,no violations,no violations,no violations,4.0,0.0,4.0,0,0,1,0,2.0,0,Brooklyn
5042,6,40.0,647 FLATBUSH AVENUE,C1,"423 FLATBUSH, LLC",8.0,3050420006,3.0,20111005,AEUHAZ1,00259,V-DOB VIOLATION - ACTIVE,AEUHAZ1-FAIL TO CERTIFY CLASS 1                                         NONE,94.0,1.0,94.0,1,1,1,0,52.0,1,Brooklyn
1833,188,21.0,127-26 WILLETS POINT BLVD,G1,SAMBUCCI ANTHONY,0.0,4018330188,4.0,no violations,no violations,no violations,no violations,no violations,0.0,1.0,0.0,1,0,0,1,4.0,0,Queens
5307,91,39.0,90 TEHAMA STREET,B3,"NGUYEN, LESLIE K",2.0,3053070091,3.0,no violations,no violations,no violations,no violations,no violations,0.0,0.0,0.0,0,0,1,0,0.0,0,Brooklyn
1807,8,36.0,1095 BEDFORD AVENUE,C1,DOLEV PROPERTIES LLC,8.0,3018070008,3.0,20191108,LBLVIO,08407,V-DOB VIOLATION - ACTIVE,LBLVIO-LOW PRESSURE BOILER                                             BOILER  REQUIRED,1.0,0.0,1.0,0,1,1,0,2.5,0,Brooklyn
5044,1,40.0,215 HAWTHORNE STREET,S9,215 HAWTHORNE STREET CORP,4.0,3050440001,3.0,20020326,LL6291,22362,V-DOB VIOLATION - ACTIVE,LL6291-LOCAL LAW 62/91 - BOILERS                                       BOILER  REQUIRED,19.0,1.0,19.0,1,1,0,0,14.5,1,Brooklyn
2763,352,17.0,741 WHITTIER STREET,C0,RAMJOHN  WAYNE,3.0,2027630352,2.0,20190123,AEUHAZ1,00179,V-DOB VIOLATION - ACTIVE,AEUHAZ1-FAIL TO CERTIFY CLASS 1                                         NONE,1.0,1.0,1.0,1,1,1,0,5.5,1,Bronx
1225,15,36.0,50 ROGERS AVENUE,Z9,SEGRETI JOSEPH G,0.0,3012250015,3.0,no violations,no violations,no violations,no violations,no violations,0.0,1.0,0.0,1,0,0,1,4.0,0,Brooklyn
16121,143,32.0,87-06 ROCKAWAY BEACH BLVD,K4,"BEACH 116TH STREET,    .",2.0,4161210143,4.0,20030319,LL6291,29967,V-DOB VIOLATION - ACTIVE,LL6291-LOCAL LAW 62/91 - BOILERS                                       BOILER  REQUIRED,0.0,1.0,0.0,1,1,0,0,5.0,0,Queens
15905,84,31.0,173 BEACH 62 STREET,B2,"THOMPSON, HARRIET",2.0,4159050084,4.0,no violations,no violations,no violations,no violations,no violations,0.0,0.0,0.0,0,0,1,0,0.0,0,Queens
5375,49,39.0,415 OCEAN PARKWAY,D4,415 OCEAN OWNERS CORP.,59.0,3053750049,3.0,20150502,BENCH,01046,V-DOB VIOLATION - ACTIVE,BENCH-FAILURE TO BENCHMARK                                            NONE,8.0,0.0,8.0,0,1,1,0,6.0,1,Brooklyn
7824,21,45.0,1965 TROY AVENUE,A9,"LAGUERRE, LUBIN",1.0,3078240021,3.0,no violations,no violations,no violations,no violations,no violations,0.0,1.0,0.0,1,0,1,0,3.0,0,Brooklyn
2000,40,36.0,1193 FULTON STREET,K1,MEGHNA REALTY CORP.,0.0,3020000040,3.0,20171115,AEUHAZ1,00636,V-DOB VIOLATION - ACTIVE,AEUHAZ1-FAIL TO CERTIFY CLASS 1                                         NONE,0.0,0.0,0.0,0,1,0,1,3.0,0,Brooklyn
1832,21,36.0,130 JEFFERSON AVENUE,C1,"MEADOWLAND GROUP, INC.",8.0,3018320021,3.0,20090101,LL6291,20318,V-DOB VIOLATION - ACTIVE,LL6291-LOCAL LAW 62/91 - BOILERS                                       BOILER  REQUIRED,7.0,1.0,7.0,1,1,1,0,8.5,1,Brooklyn
5054,11,40.0,188 PARKSIDE AVENUE,C7,881-887 5TH AVE. LLC,34.0,3050540011,3.0,20230425,HBLVIO,00811,V-DOB VIOLATION - ACTIVE,HBLVIO-HIGH PRESSURE BOILER                                            BOILER  REQUIRED,26.0,0.0,26.0,0,1,1,0,15.0,1,Brooklyn
5029,14,20.0,40-11 149 STREET,B3,NEW SPROUT PRESBYTERIAN CHURCH OF NEW YO RK,2.0,4050290014,4.0,no violations,no violations,no violations,no violations,no violations,0.0,0.0,0.0,0,0,1,0,0.0,0,Queens
15931,40,31.0,145 BEACH 59 STREET,C1,"H20 HOLDING,",13.0,4159310040,4.0,20230425,LBLVIO,21353,V-DOB VIOLATION - ACTIVE,LBLVIO-LOW PRESSURE BOILER                                             BOILER  REQUIRED,14.0,1.0,14.0,1,1,1,0,12.0,1,Queens
2839,110,49.0,850 BAY STREET,S9,HOME REALTY HOLDING CORP.,4.0,5028390110,5.0,20230620,LBLVIO,32681,V-DOB VIOLATION - ACTIVE,LBLVIO-LOW PRESSURE BOILER                                             BOILER  REQUIRED,9.0,1.0,9.0,1,1,0,0,9.5,1,Staten Island
7856,1,46.0,5823 AVENUE M,A1,"CHONG, WANDA G",1.0,3078560001,3.0,no violations,no violations,no violations,no violations,no violations,0.0,0.0,0.0,0,0,1,0,0.0,0,Brooklyn
8691,46,48.0,3089 BRIGHTON 6 STREET,D6,"GRUDSKY, MICHAEL",7.0,3086910046,3.0,20170224,LBLVIO,11732,V-DOB VIOLATION - ACTIVE,LBLVIO-LOW PRESSURE BOILER                                             BOILER  REQUIRED,3.0,0.0,3.0,0,1,1,0,3.5,0,Brooklyn
1306,28,35.0,73-97 EMPIRE BOULEVARD,K1,EMPIRE BOULEVARD HOLDINGS LLC,0.0,3013060028,3.0,no violations,no violations,no violations,no violations,no violations,0.0,0.0,0.0,0,0,0,1,1.0,0,Brooklyn
7794,65,45.0,1872 SCHENECTADY AVENUE,B3,Antoine M. Sinal,2.0,3077940065,3.0,no violations,no violations,no violations,no violations,no violations,0.0,0.0,0.0,0,0,1,0,0.0,0,Brooklyn
1860,74,36.0,57 HERKIMER STREET,D1,"JMP PROPERTIES, LLC",70.0,3018600074,3.0,20161114,ACC1,06141,V-DOB VIOLATION - ACTIVE,ACC1-(OTHER BLDGS TYPES) - ELEVATOR AFFIRMATION OF CORRECTION        ELEVATORREQUIRED,13.0,0.0,13.0,0,1,1,0,8.5,1,Brooklyn
4620,1,41.0,623 UTICA AVENUE,M1,NORTHEASTERN CONFERENCE CORPORATION OF S EVENTH,0.0,3046200001,3.0,20150303,LBLVIO,13477,V-DOB VIOLATION - ACTIVE,LBLVIO-LOW PRESSURE BOILER                                             BOILER  REQUIRED,0.0,0.0,0.0,0,1,0,1,3.0,0,Brooklyn
3642,27,50.0,350 EDISON STREET,A1,"ZENG, XIAN TING",1.0,5036420027,5.0,no violations,no violations,no violations,no violations,no violations,0.0,0.0,0.0,0,0,1,0,0.0,0,Staten Island
4727,65,45.0,321 EAST 55 STREET,B3,SAMUEL BROWN,2.0,3047270065,3.0,20191127,AEUHAZ1,00429,V-DOB VIOLATION - ACTIVE,AEUHAZ1-FAIL TO CERTIFY CLASS 1                                         NONE,0.0,0.0,0.0,0,1,1,0,2.0,0,Brooklyn
2020,92,36.0,1027 ATLANTIC AVENUE,G2,RP & DP LLC,0.0,3020200092,3.0,no violations,no violations,no violations,no violations,no violations,0.0,1.0,0.0,1,0,0,1,4.0,0,Brooklyn
14225,35,32.0,101-18 160 AVENUE,A1,"ARMOGAN, SURENDA",1.0,4142250035,4.0,no violations,no violations,no violations,no violations,no violations,0.0,0.0,0.0,0,0,1,0,0.0,0,Queens
5609,33,44.0,1162 44 STREET,B9,"WIEDER, JEHOSUE",2.0,3056090033,3.0,20150610,JVIOS,00308,V-DOB VIOLATION - ACTIVE,JVIOS-PRIVATE RESIDENTIAL ELEVATOR                                    ELEVATOROPTIONAL,0.0,0.0,0.0,0,1,1,0,2.0,0,Brooklyn
16155,5,32.0,99-18 ROCKAWAY BEACH BLVD,G2,B100 MAZAL LLC,0.0,4161550005,4.0,no violations,no violations,no violations,no violations,no violations,0.0,1.0,0.0,1,0,0,1,4.0,0,Queens
7846,21,46.0,1575 EAST 48 STREET,B1,"STERLING, EMERLY",2.0,3078460021,3.0,no violations,no violations,no violations,no violations,no violations,0.0,1.0,0.0,1,0,1,0,3.0,0,Brooklyn
5023,35,20.0,143-55 41 AVENUE,D4,CAMEO OWNERS CORP,78.0,4050230035,4.0,20130219,LL11/98,HAZ74115,V-DOB VIOLATION - ACTIVE,LL11/98-LOCAL LAW 11/98 - FACADE                                        FACADE  OPTIONAL,34.0,1.0,34.0,1,1,1,0,22.0,1,Queens
3715,36,18.0,1554 WATSON AVENUE,K1,"KS LUCKY PROPERTIES, CORP.",0.0,2037150036,2.0,no violations,no violations,no violations,no violations,no violations,0.0,0.0,0.0,0,0,0,1,1.0,0,Bronx
5404,22,20.0,43-18 149 STREET,B1,"WU, HAE WOO STELLA",2.0,4054040022,4.0,no violations,no violations,no violations,no violations,no violations,0.0,0.0,0.0,0,0,1,0,0.0,0,Queens
8513,59,46.0,1832 EAST 53 STREET,B1,"PEREZ, MILAGROS",2.0,3085130059,3.0,no violations,no violations,no violations,no violations,no violations,0.0,0.0,0.0,0,0,1,0,0.0,0,Brooklyn
7610,48,23.0,220-05 64 AVENUE,C0,"LEE, JACKSON JIA YONG",3.0,4076100048,4.0,no violations,no violations,no violations,no violations,no violations,0.0,0.0,0.0,0,0,1,0,0.0,0,Queens
2867,340,49.0,56 PARK HILL COURT,A0,ALVIN RICHARDS,1.0,5028670340,5.0,no violations,no violations,no violations,no violations,no violations,0.0,0.0,0.0,0,0,1,0,0.0,0,Staten Island
5376,33,13.0,2895 CODDINGTON AVENUE,B3,"MAURO, FRANK T",2.0,2053760033,2.0,no violations,no violations,no violations,no violations,no violations,0.0,1.0,0.0,1,0,1,0,3.0,0,Bronx
4677,19,41.0,320 EAST 52 STREET,C2,LAWES CYNTHIA,6.0,3046770019,3.0,20080103,LL6291,10503,V-DOB VIOLATION - ACTIVE,LL6291-LOCAL LAW 62/91 - BOILERS                                       BOILER  REQUIRED,5.0,1.0,5.0,1,1,1,0,7.5,1,Brooklyn
16131,1,32.0,150 BEACH 84 STREET,D4,DAYTON BEACH PARK 1 CORP,687.0,4161310001,4.0,20190906,ACC1,10454,V-DOB VIOLATION - ACTIVE,ACC1-(OTHER BLDGS TYPES) - ELEVATOR AFFIRMATION OF CORRECTION        ELEVATORREQUIRED,51.0,0.0,51.0,0,1,1,0,27.5,1,Queens
5222,17,20.0,141-18 NEGUNDO AVENUE,B3,"ZHANG, XIN",2.0,4052220017,4.0,20100507,Z,0702DL,V-DOB VIOLATION - ACTIVE,Z-ZONING                                                          NONE,0.0,0.0,0.0,0,1,1,0,2.0,0,Queens
5297,36,39.0,4002 14 AVENUE,S4,MOTION REALTY LLC,4.0,3052970036,3.0,20150303,LBLVIO,07166,V-DOB VIOLATION - ACTIVE,LBLVIO-LOW PRESSURE BOILER                                             BOILER  REQUIRED,0.0,1.0,0.0,1,1,0,0,5.0,0,Brooklyn
1802,103,36.0,169 QUINCY STREET,C1,"N'KOSI, JABARI NAJJA",10.0,3018020103,3.0,20140515,LBLVIO,10445,V-DOB VIOLATION - ACTIVE,LBLVIO-LOW PRESSURE BOILER                                             BOILER  REQUIRED,0.0,1.0,0.0,1,1,1,0,5.0,0,Brooklyn
4776,64,45.0,591 EAST 55 STREET,B3,"LESTER, KAREN",2.0,3047760064,3.0,no violations,no violations,no violations,no violations,no violations,0.0,0.0,0.0,0,0,1,0,0.0,0,Brooklyn
16156,127,32.0,300-F BEACH 101 STREET,A2,SHEILA MURRAY,1.0,4161560127,4.0,no violations,no violations,no violations,no violations,no violations,0.0,0.0,0.0,0,0,1,0,0.0,0,Queens
1818,101,36.0,381 NOSTRAND AVENUE,B2,"CHAN, PEARL",2.0,3018180101,3.0,20191211,AEUHAZ1,00628,V-DOB VIOLATION - ACTIVE,AEUHAZ1-FAIL TO CERTIFY CLASS 1                                         NONE,0.0,0.0,0.0,0,1,1,0,2.0,0,Brooklyn
4640,35,41.0,167 EAST 53 STREET,B1,"STONE, GWENDOLYN",2.0,3046400035,3.0,no violations,no violations,no violations,no violations,no violations,0.0,0.0,0.0,0,0,1,0,0.0,0,Brooklyn
7377,48,48.0,1611 AVENUE W,A2,"TAN, YUAN ZHAO",1.0,3073770048,3.0,no violations,no violations,no violations,no violations,no violations,0.0,0.0,0.0,0,0,1,0,0.0,0,Brooklyn
7623,49,45.0,2320 AVENUE K,A1,SANFORD BRAUN,1.0,3076230049,3.0,19971028,C,14N01,V-DOB VIOLATION - ACTIVE,C-CONSTRUCTION                                                    OTHER   OPTIONAL,0.0,0.0,0.0,0,1,1,0,2.0,0,Brooklyn
1233,1,36.0,115 ROGERS AVENUE,C7,TYC REALTY INC,7.0,3012330001,3.0,20180905,AEUHAZ1,00271,V-DOB VIOLATION - ACTIVE,AEUHAZ1-FAIL TO CERTIFY CLASS 1                                         NONE,0.0,1.0,0.0,1,1,1,0,5.0,0,Brooklyn
7620,25,45.0,1625 OCEAN AVENUE,M1,EAST MIDWOOD JEWISH CNTR,0.0,3076200025,3.0,19970210,LL6291,31396,V-DOB VIOLATION - ACTIVE,LL6291-LOCAL LAW 62/91 - BOILERS                                       BOILER  REQUIRED,0.0,0.0,0.0,0,1,0,1,3.0,0,Brooklyn
5596,49,38.0,4218 FT HAMILTON PARKWAY,O7,FHP 26 LLC,0.0,3055960049,3.0,20230425,LBLVIO,14125,V-DOB VIOLATION - ACTIVE,LBLVIO-LOW PRESSURE BOILER                                             BOILER  REQUIRED,0.0,1.0,0.0,1,1,0,1,6.0,1,Brooklyn
1797,77,36.0,253 LEXINGTON AVENUE,C1,"DOCKERY, DEWEY JR.",8.0,3017970077,3.0,19950829,LL6291,37227,V-DOB VIOLATION - ACTIVE,LL6291-LOCAL LAW 62/91 - BOILERS                                       BOILER  REQUIRED,0.0,0.0,0.0,0,1,1,0,2.0,0,Brooklyn
1,216,49.0,10 BAY STREET LANDING,D0,BSL ONE OWNERS CORP,128.0,5000010216,5.0,20140515,LBLVIO,20731,V-DOB VIOLATION - ACTIVE,LBLVIO-LOW PRESSURE BOILER                                             BOILER  REQUIRED,0.0,0.0,0.0,0,1,1,0,2.0,0,Staten Island
7606,19,23.0,61-20 217 STREET,C0,"BELFOR, TRUSTEE, JUDITH",3.0,4076060019,4.0,no violations,no violations,no violations,no violations,no violations,0.0,0.0,0.0,0,0,1,0,0.0,0,Queens
7789,25,45.0,1889 ALBANY AVENUE,A9,"BEAUCHAMP, ROOSEVELT",1.0,3077890025,3.0,no violations,no violations,no violations,no violations,no violations,0.0,0.0,0.0,0,0,1,0,0.0,0,Brooklyn
2766,92,17.0,1315 RANDALL AVENUE,F5,A & M CARPENTRY DESIGNS CORP.,0.0,2027660092,2.0,20000207,LL6291,10096,V-DOB VIOLATION - ACTIVE,LL6291-LOCAL LAW 62/91 - BOILERS                                       BOILER  REQUIRED,0.0,1.0,0.0,1,1,0,1,6.0,1,Bronx
1240,21,36.0,788 PARK PLACE,C1,788 PARK LLC,15.0,3012400021,3.0,19930816,LL6291,38341,V-DOB VIOLATION - ACTIVE,LL6291-LOCAL LAW 62/91 - BOILERS                                       BOILER  REQUIRED,5.0,1.0,5.0,1,1,1,0,7.5,1,Brooklyn
5628,116,44.0,1228 47 STREET,C0,"RABINOWITZ, YISROEL",3.0,3056280116,3.0,20240322,C,FEU31202XC,V-DOB VIOLATION - ACTIVE,C-CONSTRUCTION                                                    OTHER   OPTIONAL,0.0,1.0,0.0,1,1,1,0,5.0,0,Brooklyn
4677,51,41.0,371 EAST 51 STREET,B1,"AYE-KUMI, CARL MICHAEL",2.0,3046770051,3.0,no violations,no violations,no violations,no violations,no violations,0.0,0.0,0.0,0,0,1,0,0.0,0,Brooklyn
6821,270,48.0,1837 EAST 17 STREET,D1,EAST 17TH ASSOC LTD,36.0,3068210270,3.0,19970113,LL1081,03478,V-DOB VIOLATION - ACTIVE,LL1081-LOCAL LAW 10/81 - ELEVATOR                                      ELEVATOROPTIONAL,2.0,0.0,2.0,0,1,1,0,3.0,0,Brooklyn
3739,47,17.0,1171 ELDER AVENUE,C1,"BRADY ROONEY GROUP,INC",48.0,2037390047,2.0,20210602,BENCH,01891,V-DOB VIOLATION - ACTIVE,BENCH-FAILURE TO BENCHMARK                                            NONE,28.0,0.0,28.0,0,1,1,0,16.0,1,Bronx
3771,19,17.0,1236 EVERGREEN AVENUE,B1,SLL NPL LLC,2.0,2037710019,2.0,20120320,C,STFNS15,VPW-VIOLATION UNSERVED ECB-WORK WITHOUT PERMIT-ACTIVE,C-CONSTRUCTION                                                    OTHER   OPTIONAL,27.0,0.0,27.0,0,1,1,0,15.5,1,Bronx
5038,64,40.0,245 FENIMORE STREET,B2,LEFFERTS GARDENS PROPERTIES LLC,2.0,3050380064,3.0,20180702,LANDMK,19-0002,V-DOB VIOLATION - ACTIVE,LANDMK-LANDMARK                                                        NONE,0.0,0.0,0.0,0,1,1,0,2.0,0,Brooklyn
14200,7,32.0,98-14 162 AVENUE,A2,JOHN J ADRAGNA,1.0,4142000007,4.0,no violations,no violations,no violations,no violations,no violations,0.0,0.0,0.0,0,0,1,0,0.0,0,Queens
8546,50,46.0,2024 EAST 55 STREET,A9,"SHI, QIAO RU",1.0,3085460050,3.0,no violations,no violations,no violations,no violations,no violations,0.0,0.0,0.0,0,0,1,0,0.0,0,Brooklyn
5060,46,20.0,131-56 40 ROAD,V1,MAXITO REALTY CORP,0.0,4050600046,4.0,no violations,no violations,no violations,no violations,no violations,0.0,1.0,0.0,1,0,0,1,4.0,0,Queens
5372,27,39.0,530 EAST 4 STREET,A1,"MERLIN, YEHOSHUA",1.0,3053720027,3.0,no violations,no violations,no violations,no violations,no violations,0.0,0.0,0.0,0,0,1,0,0.0,0,Brooklyn
7876,1,46.0,5101 AVENUE N,K1,"ALMONTE AVEN REALTY, LLC",0.0,3078760001,3.0,20240923,LBLVIO,13012,V-DOB VIOLATION - ACTIVE,LBLVIO-LOW PRESSURE BOILER                                             BOILER  REQUIRED,0.0,0.0,0.0,0,1,0,1,3.0,0,Brooklyn
6994,36,24.0,75-30 176 STREET,A1,AGNES MC CABE & PATRICK MC CABE IRREV AS ST MGMT TR,1.0,4069940036,4.0,no violations,no violations,no violations,no violations,no violations,0.0,0.0,0.0,0,0,1,0,0.0,0,Queens
16124,114,32.0,90-08 ROCKAWAY BEACH BLVD,O8,STEIN HILLEL Y,1.0,4161240114,4.0,20040213,LL6291,26145,V-DOB VIOLATION - ACTIVE,LL6291-LOCAL LAW 62/91 - BOILERS                                       BOILER  REQUIRED,0.0,0.0,0.0,0,1,0,0,2.0,0,Queens
5632,7501,44.0,4814 11TH AVENUE,R6,"SZEGEDIN, SAMSON",2.0,3056327501,3.0,no violations,no violations,no violations,no violations,no violations,0.0,0.0,0.0,0,0,0,0,0.0,0,Brooklyn
7688,82,23.0,69-37 229 STREET,B3,ASSOCIATION FOR NEUROLOGICALLY IMPAIRED  BRAIN,2.0,4076880082,4.0,no violations,no violations,no violations,no violations,no violations,0.0,0.0,0.0,0,0,1,0,0.0,0,Queens
5377,80,39.0,381 EAST 8 STREET,A1,"SCHIFFMAN, MIRIAM",1.0,3053770080,3.0,no violations,no violations,no violations,no violations,no violations,0.0,0.0,0.0,0,0,1,0,0.0,0,Brooklyn
2691,60,33.0,574 MORGAN AVENUE,C1,"MODZELEWSKI, MALGORZATA",8.0,3026910060,3.0,20040213,LL6291,20304,V-DOB VIOLATION - ACTIVE,LL6291-LOCAL LAW 62/91 - BOILERS                                       BOILER  REQUIRED,0.0,0.0,0.0,0,1,1,0,2.0,0,Brooklyn
7789,49,45.0,1150 EAST 42 STREET,A5,"GUADELOUPE, ANN-MARIE G",1.0,3077890049,3.0,no violations,no violations,no violations,no violations,no violations,0.0,0.0,0.0,0,0,1,0,0.0,0,Brooklyn
7850,13,46.0,1545 EAST 52 STREET,A9,"O''BRIEN, PATRICK",1.0,3078500013,3.0,no violations,no violations,no violations,no violations,no violations,0.0,0.0,0.0,0,0,1,0,0.0,0,Brooklyn
1954,2,36.0,329 FRANKLIN AVENUE,C1,"FOOD FIRST NDFC, INC.",16.0,3019540002,3.0,20230425,LBLVIO,19300,V-DOB VIOLATION - ACTIVE,LBLVIO-LOW PRESSURE BOILER                                             BOILER  REQUIRED,50.0,0.0,50.0,0,1,1,0,27.0,1,Brooklyn
4638,25,41.0,823 LENOX ROAD,C2,"DUNCAN, IRENE",6.0,3046380025,3.0,20040213,LL6291,12301,V-DOB VIOLATION - ACTIVE,LL6291-LOCAL LAW 62/91 - BOILERS                                       BOILER  REQUIRED,2.0,1.0,2.0,1,1,1,0,6.0,1,Brooklyn
7617,17,45.0,1155 EAST 35 STREET,C1,"MIDWOOD 35TH REALTY, LLC",38.0,3076170017,3.0,20210602,BENCH,01336,V-DOB VIOLATION - ACTIVE,BENCH-FAILURE TO BENCHMARK                                            NONE,107.0,1.0,107.0,1,1,1,0,58.5,1,Brooklyn
5219,4,45.0,1908 NEWKIRK AVENUE,C1,"NEWKIRK NOSTRAND EAST SPE OWNER, LLC",22.0,3052190004,3.0,20091231,LBLVIO,15791,V-DOB VIOLATION - ACTIVE,LBLVIO-LOW PRESSURE BOILER                                             BOILER  REQUIRED,44.0,1.0,44.0,1,1,1,0,27.0,1,Brooklyn
4994,24,20.0,140-26 34 AVENUE,C0,LEAVITT UNION MANAGEMENT CORP.,3.0,4049940024,4.0,20020714,C,0759OC,V-DOB VIOLATION - ACTIVE,C-CONSTRUCTION                                                    OTHER   OPTIONAL,1.0,0.0,1.0,0,1,1,0,2.5,0,Queens
7751,60,45.0,4722 KINGS HIGHWAY,A5,WEBB MARY ANN,1.0,3077510060,3.0,no violations,no violations,no violations,no violations,no violations,0.0,0.0,0.0,0,0,1,0,0.0,0,Brooklyn
5364,14,39.0,1522 40 STREET,C3,1522 40TH HOLDINGS LLC,4.0,3053640014,3.0,no violations,no violations,no violations,no violations,no violations,0.0,1.0,0.0,1,0,1,0,3.0,0,Brooklyn
1822,86,36.0,239 PUTNAM AVENUE,B9,KIMBERLY GEORGE,2.0,3018220086,3.0,19930816,LL6291,38708,V-DOB VIOLATION - ACTIVE,LL6291-LOCAL LAW 62/91 - BOILERS                                       BOILER  REQUIRED,10.0,1.0,10.0,1,1,1,0,10.0,1,Brooklyn
4202,13,50.0,73 4 STREET,A1,DIONISIO J FREEO,1.0,5042020013,5.0,no violations,no violations,no violations,no violations,no violations,0.0,0.0,0.0,0,0,1,0,0.0,0,Staten Island
6800,43,48.0,1800 EAST 18 STREET,C1,GMD PROPERTIES INC,38.0,3068000043,3.0,20140515,LBLVIO,14710,V-DOB VIOLATION - ACTIVE,LBLVIO-LOW PRESSURE BOILER                                             BOILER  REQUIRED,8.0,0.0,8.0,0,1,1,0,6.0,1,Brooklyn
7897,31,46.0,5202 AVENUE N,K4,5202 AVENUE N LLC,2.0,3078970031,3.0,20240923,LBLVIO,13022,V-DOB VIOLATION - ACTIVE,LBLVIO-LOW PRESSURE BOILER                                             BOILER  REQUIRED,0.0,1.0,0.0,1,1,0,0,5.0,0,Brooklyn
5583,34,38.0,921 40 STREET,B9,THOMAS CHAN,2.0,3055830034,3.0,no violations,no violations,no violations,no violations,no violations,0.0,0.0,0.0,0,0,1,0,0.0,0,Brooklyn
1247,11,35.0,796 STERLING PLACE,D1,792 STERLING HOLDINGS LLC,82.0,3012470011,3.0,20170915,EVCAT1,05665,V-DOB VIOLATION - ACTIVE,EVCAT1-ELEVATOR ANNUAL INSPECTION / TEST                               ELEVATORREQUIRED,87.0,1.0,87.0,1,1,1,0,48.5,1,Brooklyn
2839,110,49.0,850 BAY STREET,S9,HOME REALTY HOLDING CORP.,4.0,5028390110,5.0,20090101,LL6291,26495,V-DOB VIOLATION - ACTIVE,LL6291-LOCAL LAW 62/91 - BOILERS                                       BOILER  REQUIRED,9.0,1.0,9.0,1,1,0,0,9.5,1,Staten Island
4216,33,50.0,38 7 STREET,A1,"RYAN, TATIANA",1.0,5042160033,5.0,no violations,no violations,no violations,no violations,no violations,0.0,0.0,0.0,0,0,1,0,0.0,0,Staten Island
1168,53,35.0,726 FRANKLIN AVENUE,S9,STEVE BAILEY,6.0,3011680053,3.0,20080103,LL6291,16589,V-DOB VIOLATION - ACTIVE,LL6291-LOCAL LAW 62/91 - BOILERS                                       BOILER  REQUIRED,10.0,1.0,10.0,1,1,0,0,10.0,1,Brooklyn
14243,1161,32.0,99-58 DAVENPORT COURT,A2,WILLIAM L KISSANE,1.0,4142431161,4.0,no violations,no violations,no violations,no violations,no violations,0.0,0.0,0.0,0,0,1,0,0.0,0,Queens
5044,68,20.0,138-37 BARCLAY AVENUE,G7,ST MICHAELS RC CHURCH,0.0,4050440068,4.0,no violations,no violations,no violations,no violations,no violations,0.0,0.0,0.0,0,0,0,1,1.0,0,Queens
15821,35,31.0,169 BEACH 29 STREET,B2,UNAVAILABLE OWNER,2.0,4158210035,4.0,no violations,no violations,no violations,no violations,no violations,0.0,0.0,0.0,0,0,1,0,0.0,0,Queens
6740,45,20.0,59-24 163 STREET,A1,STANLEY CHIN,1.0,4067400045,4.0,no violations,no violations,no violations,no violations,no violations,0.0,1.0,0.0,1,0,1,0,3.0,0,Queens
524,41,49.0,THOMPSON STREET,V1,BLOCK 524 LOT 41 LLC,0.0,5005240041,5.0,no violations,no violations,no violations,no violations,no violations,0.0,0.0,0.0,0,0,0,1,1.0,0,Staten Island
7825,2,45.0,4525 FLATLANDS AVENUE,A2,SAIF REALTY LLC,1.0,3078250002,3.0,20250404,EGNCY,19116,V-DOB VIOLATION - ACTIVE,EGNCY-EMERGENCY                                                       NONE,7.0,1.0,7.0,1,1,1,0,8.5,1,Brooklyn
8713,7502,48.0,7 CORBIN PLACE,RM,UNAVAILABLE OWNER,8.0,3087137502,3.0,20240923,LBLVIO,14269,V-DOB VIOLATION - ACTIVE,LBLVIO-LOW PRESSURE BOILER                                             BOILER  REQUIRED,0.0,0.0,0.0,0,1,0,0,2.0,0,Brooklyn
4201,36,37.0,502 LINCOLN AVENUE,B2,"PASHA, ABDUR",2.0,3042010036,3.0,no violations,no violations,no violations,no violations,no violations,0.0,0.0,0.0,0,0,1,0,0.0,0,Brooklyn
15931,40,31.0,145 BEACH 59 STREET,C1,"H20 HOLDING,",13.0,4159310040,4.0,20140515,LBLVIO,16157,V-DOB VIOLATION - ACTIVE,LBLVIO-LOW PRESSURE BOILER                                             BOILER  REQUIRED,14.0,1.0,14.0,1,1,1,0,12.0,1,Queens
2839,110,49.0,850 BAY STREET,S9,HOME REALTY HOLDING CORP.,4.0,5028390110,5.0,19940608,LL6291,00920,V-DOB VIOLATION - ACTIVE,LL6291-LOCAL LAW 62/91 - BOILERS                                       BOILER  REQUIRED,9.0,1.0,9.0,1,1,0,0,9.5,1,Staten Island
15931,40,31.0,145 BEACH 59 STREET,C1,"H20 HOLDING,",13.0,4159310040,4.0,20230620,LBLVIO,22722,V-DOB VIOLATION - ACTIVE,LBLVIO-LOW PRESSURE BOILER                                             BOILER  REQUIRED,14.0,1.0,14.0,1,1,1,0,12.0,1,Queens
4754,34,50.0,479 PROMENADE AVENUE,V0,CITY OF NEW YORK,0.0,5047540034,5.0,no violations,no violations,no violations,no violations,no violations,0.0,0.0,0.0,0,0,0,1,1.0,0,Staten Island
4319,12,42.0,720 ALABAMA AVENUE,B2,JANET PINTO DUNWELL 2020 REVOCABLE LIVIN G TRUST,2.0,3043190012,3.0,no violations,no violations,no violations,no violations,no violations,0.0,0.0,0.0,0,0,1,0,0.0,0,Brooklyn
1807,8,36.0,1095 BEDFORD AVENUE,C1,DOLEV PROPERTIES LLC,8.0,3018070008,3.0,20230425,LBLVIO,13635,V-DOB VIOLATION - ACTIVE,LBLVIO-LOW PRESSURE BOILER                                             BOILER  REQUIRED,1.0,0.0,1.0,0,1,1,0,2.5,0,Brooklyn
5194,31,20.0,43-15 ROBINSON STREET,B2,"WANG, YONG MING",2.0,4051940031,4.0,no violations,no violations,no violations,no violations,no violations,0.0,0.0,0.0,0,0,1,0,0.0,0,Queens
2360,166,51.0,23 SAXON AVENUE,B9,"LI, LING",2.0,5023600166,5.0,no violations,no violations,no violations,no violations,no violations,0.0,0.0,0.0,0,0,1,0,0.0,0,Staten Island
15905,172,31.0,65-01 OCEAN AVENUE NORTH,B2,"MALINOWSKI, MARCIN",2.0,4159050172,4.0,no violations,no violations,no violations,no violations,no violations,0.0,0.0,0.0,0,0,1,0,0.0,0,Queens
5023,35,20.0,143-55 41 AVENUE,D4,CAMEO OWNERS CORP,78.0,4050230035,4.0,20190906,ACC1,05340,V-DOB VIOLATION - ACTIVE,ACC1-(OTHER BLDGS TYPES) - ELEVATOR AFFIRMATION OF CORRECTION        ELEVATORREQUIRED,34.0,1.0,34.0,1,1,1,0,22.0,1,Queens
5091,12,40.0,200 MARTENSE STREET,B2,HEAVET BOBO,2.0,3050910012,3.0,no violations,no violations,no violations,no violations,no violations,0.0,0.0,0.0,0,0,1,0,0.0,0,Brooklyn
1273,8,35.0,847 FRANKLIN AVENUE,S9,SAMUEL SPRINGER,6.0,3012730008,3.0,19990316,LL6291,15123,V-DOB VIOLATION - ACTIVE,LL6291-LOCAL LAW 62/91 - BOILERS                                       BOILER  REQUIRED,4.0,1.0,4.0,1,1,0,0,7.0,1,Brooklyn
5108,66,40.0,2729 SNYDER AVENUE,B2,"VITE, GARY",2.0,3051080066,3.0,20110120,C,1702RM,V-DOB VIOLATION - ACTIVE,C-CONSTRUCTION                                                    OTHER   OPTIONAL,1.0,0.0,1.0,0,1,1,0,2.5,0,Brooklyn
4700,34,45.0,376 EAST 53 STREET,A9,"MCNAIR, KENRICK",1.0,3047000034,3.0,no violations,no violations,no violations,no violations,no violations,0.0,0.0,0.0,0,0,1,0,0.0,0,Brooklyn
1305,1,35.0,355 ROGERS AVENUE,C7,219 REALTY GROUP,25.0,3013050001,3.0,19990316,LL6291,15198,V-DOB VIOLATION - ACTIVE,LL6291-LOCAL LAW 62/91 - BOILERS                                       BOILER  REQUIRED,64.0,1.0,64.0,1,1,1,0,37.0,1,Brooklyn
5378,45,39.0,754 CONEY ISLAND AVENUE,S9,"MOHAMED, OMAR",2.0,3053780045,3.0,20020326,LL6291,23040,V-DOB VIOLATION - ACTIVE,LL6291-LOCAL LAW 62/91 - BOILERS                                       BOILER  REQUIRED,0.0,1.0,0.0,1,1,0,0,5.0,0,Brooklyn
4452,614,42.0,547 VANDALIA AVENUE,C0,"SIMMONS , CLARENCE",3.0,3044520614,3.0,no violations,no violations,no violations,no violations,no violations,0.0,0.0,0.0,0,0,1,0,0.0,0,Brooklyn
6420,35,20.0,61-41 146 PLACE,A5,"CHEN, QIN ZE",1.0,4064200035,4.0,no violations,no violations,no violations,no violations,no violations,0.0,0.0,0.0,0,0,1,0,0.0,0,Queens
1942,46,36.0,1038 BEDFORD AVENUE,S4,1038 BEDFORD LLC,4.0,3019420046,3.0,20230620,LBLVIO,08967,V-DOB VIOLATION - ACTIVE,LBLVIO-LOW PRESSURE BOILER                                             BOILER  REQUIRED,3.0,0.0,3.0,0,1,0,0,3.5,0,Brooklyn
5145,68,40.0,352 MARLBOROUGH ROAD,A1,EDWARD BLAINE AND MARGE BLAINE REVOCABLE  TRUST NO1,1.0,3051450068,3.0,no violations,no violations,no violations,no violations,no violations,0.0,0.0,0.0,0,0,1,0,0.0,0,Brooklyn
4281,39,42.0,604 PINE STREET,B2,"RANA, SHOHEL",2.0,3042810039,3.0,no violations,no violations,no violations,no violations,no violations,0.0,0.0,0.0,0,0,1,0,0.0,0,Brooklyn
5160,43,40.0,1705 DORCHESTER ROAD,D1,1705 REALTY LLC,37.0,3051600043,3.0,20240923,LBLVIO,11573,V-DOB VIOLATION - ACTIVE,LBLVIO-LOW PRESSURE BOILER                                             BOILER  REQUIRED,17.0,0.0,17.0,0,1,1,0,10.5,1,Brooklyn
7794,442,23.0,218-40 STEWART ROAD,A2,"CRAPA TRUSTEE, JOSEPH",1.0,4077940442,4.0,no violations,no violations,no violations,no violations,no violations,0.0,0.0,0.0,0,0,1,0,0.0,0,Queens
7874,37,46.0,1637 EAST 49 STREET,A1,"JEUDY, LINDA",1.0,3078740037,3.0,no violations,no violations,no violations,no violations,no violations,0.0,0.0,0.0,0,0,1,0,0.0,0,Brooklyn
13575,29,31.0,142-11 248 STREET,B3,FELICIA WRIGHT,2.0,4135750029,4.0,no violations,no violations,no violations,no violations,no violations,0.0,0.0,0.0,0,0,1,0,0.0,0,Queens
1833,186,21.0,127-24 WILLETS POINT BLVD,G2,127-14 WILLETS PT BLVD REALTY CORP,0.0,4018330186,4.0,no violations,no violations,no violations,no violations,no violations,0.0,1.0,0.0,1,0,0,1,4.0,0,Queens
5393,19,39.0,786 CONEY ISLAND AVENUE,K2,786 CONEY ISLAND AVE LLC,0.0,3053930019,3.0,19950829,LL6291,31319,V-DOB VIOLATION - ACTIVE,LL6291-LOCAL LAW 62/91 - BOILERS                                       BOILER  REQUIRED,0.0,1.0,0.0,1,1,0,1,6.0,1,Brooklyn
1295,42,35.0,290 ROGERS AVENUE,S2,ALFRED MOLLISON,2.0,3012950042,3.0,20070119,LL6291,13937,V-DOB VIOLATION - ACTIVE,LL6291-LOCAL LAW 62/91 - BOILERS                                       BOILER  REQUIRED,0.0,1.0,0.0,1,1,0,0,5.0,0,Brooklyn
4624,54,41.0,57 EAST 54 STREET,B1,EDDINGTON LINK LLC,2.0,3046240054,3.0,no violations,no violations,no violations,no violations,no violations,0.0,1.0,0.0,1,0,1,0,3.0,0,Brooklyn
5230,21,20.0,140-49 ROSE AVENUE,B1,"CHUNG, CHUN TZU",2.0,4052300021,4.0,no violations,no violations,no violations,no violations,no violations,0.0,0.0,0.0,0,0,1,0,0.0,0,Queens
8522,53,46.0,2026 EAST 37 STREET,A9,"GIARDINO, RONALD",1.0,3085220053,3.0,no violations,no violations,no violations,no violations,no violations,0.0,0.0,0.0,0,0,1,0,0.0,0,Brooklyn
5402,1,20.0,44-05 PARSONS BOULEVARD,S1,CHUANG FAMILY IRREVOCABLE TRUST,1.0,4054020001,4.0,20140515,LBLVIO,19400,V-DOB VIOLATION - ACTIVE,LBLVIO-LOW PRESSURE BOILER                                             BOILER  REQUIRED,0.0,0.0,0.0,0,1,0,0,2.0,0,Queens
4963,210,20.0,35-50 COLLEGE POINT BLVD,G2,"JJSK MANAGMENT,",0.0,4049630210,4.0,no violations,no violations,no violations,no violations,no violations,0.0,1.0,0.0,1,0,0,1,4.0,0,Queens
7833,68,46.0,1360 EAST 54 STREET,B3,"VALEMBRUN, LAVONNE W",2.0,3078330068,3.0,no violations,no violations,no violations,no violations,no violations,0.0,1.0,0.0,1,0,1,0,3.0,0,Brooklyn
7754,53,45.0,1170 EAST 51 STREET,A5,"DEPRADINE, ROGER",1.0,3077540053,3.0,no violations,no violations,no violations,no violations,no violations,0.0,0.0,0.0,0,0,1,0,0.0,0,Brooklyn
4399,27,42.0,1036 BARBEY STREET,B9,"VICTOR, MARIE D",2.0,3043990027,3.0,no violations,no violations,no violations,no violations,no violations,0.0,0.0,0.0,0,0,1,0,0.0,0,Brooklyn
7590,39,45.0,913 EAST 26 STREET,B2,SG FRIEDMAN IRREVOCABLE TRUST,2.0,3075900039,3.0,no violations,no violations,no violations,no violations,no violations,0.0,0.0,0.0,0,0,1,0,0.0,0,Brooklyn
2017,31,36.0,1168 FULTON STREET,S3,"CHOWDURY, SHAMEEM",3.0,3020170031,3.0,19930816,LL6291,32314,V-DOB VIOLATION - ACTIVE,LL6291-LOCAL LAW 62/91 - BOILERS                                       BOILER  REQUIRED,2.0,1.0,2.0,1,1,0,0,6.0,1,Brooklyn
1217,65,35.0,583 ST MARKS AVENUE,C3,KENNETH C ESDAILE,4.0,3012170065,3.0,no violations,no violations,no violations,no violations,no violations,1.0,0.0,1.0,0,0,1,0,0.5,0,Brooklyn
7596,46,45.0,3216 AVENUE I,B2,"SKYERS, MARCIA",2.0,3075960046,3.0,20191017,AEUHAZ1,01099,V-DOB VIOLATION - ACTIVE,AEUHAZ1-FAIL TO CERTIFY CLASS 1                                         NONE,4.0,1.0,4.0,1,1,1,0,7.0,1,Brooklyn
1802,96,36.0,181 QUINCY STREET,B2,"GONG, DEJIAN",2.0,3018020096,3.0,20230620,LBLVIO,35018,V-DOB VIOLATION - ACTIVE,LBLVIO-LOW PRESSURE BOILER                                             BOILER  REQUIRED,5.0,0.0,5.0,0,1,1,0,4.5,0,Brooklyn
4697,42,45.0,469 EAST 49 STREET,C2,BATES CHRISTOPHER,6.0,3046970042,3.0,20230425,LBLVIO,11062,V-DOB VIOLATION - ACTIVE,LBLVIO-LOW PRESSURE BOILER                                             BOILER  REQUIRED,13.0,1.0,13.0,1,1,1,0,11.5,1,Brooklyn
4180,37,37.0,410 LINCOLN AVENUE,B1,"BATISTA, DAMARIS",2.0,3041800037,3.0,no violations,no violations,no violations,no violations,no violations,0.0,0.0,0.0,0,0,1,0,0.0,0,Brooklyn
5034,47,40.0,100 MIDWOOD STREET,A4,"SOARES, MARIA M",1.0,3050340047,3.0,no violations,no violations,no violations,no violations,no violations,0.0,0.0,0.0,0,0,1,0,0.0,0,Brooklyn
6983,31,24.0,175-24 73 AVENUE,A5,"CRUZ, GAUDENCIO",1.0,4069830031,4.0,no violations,no violations,no violations,no violations,no violations,0.0,0.0,0.0,0,0,1,0,0.0,0,Queens
16096,26,32.0,1-22 BEACH 74 STREET,B2,"REICHMAN, SIMON",2.0,4160960026,4.0,no violations,no violations,no violations,no violations,no violations,0.0,0.0,0.0,0,0,1,0,0.0,0,Queens
5219,4,45.0,1908 NEWKIRK AVENUE,C1,"NEWKIRK NOSTRAND EAST SPE OWNER, LLC",22.0,3052190004,3.0,20151001,LBLVIO,05617,V-DOB VIOLATION - ACTIVE,LBLVIO-LOW PRESSURE BOILER                                             BOILER  REQUIRED,44.0,1.0,44.0,1,1,1,0,27.0,1,Brooklyn
4702,56,45.0,303 EAST 54 STREET,C2,ALZUBAYDI GROUP INC.,6.0,3047020056,3.0,19990316,LL6291,20867,V-DOB VIOLATION - ACTIVE,LL6291-LOCAL LAW 62/91 - BOILERS                                       BOILER  REQUIRED,1.0,1.0,1.0,1,1,1,0,5.5,1,Brooklyn
4977,156,20.0,36-22 UNION STREET,K4,STAR OF UNION STREET INC,0.0,4049770156,4.0,no violations,no violations,no violations,no violations,no violations,0.0,0.0,0.0,0,0,0,1,1.0,0,Queens
7651,74,45.0,1428 EAST 34 STREET,A9,ROSENZWEIG MORRIS HELEN,1.0,3076510074,3.0,no violations,no violations,no violations,no violations,no violations,0.0,0.0,0.0,0,0,1,0,0.0,0,Brooklyn
4721,11,45.0,950 UTICA AVENUE,G2,IDA ROYALTY GEMS LLC,0.0,3047210011,3.0,19891226,C,SSTW02,V-DOB VIOLATION - ACTIVE,C-CONSTRUCTION                                                    OTHER   OPTIONAL,0.0,1.0,0.0,1,1,0,1,6.0,1,Brooklyn
6801,15,24.0,71-57 162 STREET,A5,FRENKEL VIRGINIA,1.0,4068010015,4.0,no violations,no violations,no violations,no violations,no violations,0.0,0.0,0.0,0,0,1,0,0.0,0,Queens
4230,30,42.0,512 CHESTNUT STREET,B2,PAMELA SMALLS,2.0,3042300030,3.0,no violations,no violations,no violations,no violations,no violations,0.0,0.0,0.0,0,0,1,0,0.0,0,Brooklyn
7839,28,46.0,1139 EAST 59 STREET,B1,"BEGANSKI, IVETTE",2.0,3078390028,3.0,no violations,no violations,no violations,no violations,no violations,0.0,0.0,0.0,0,0,1,0,0.0,0,Brooklyn
5631,69,38.0,931 49 STREET,O2,MAIMONEDES MEDICAL CENTER,0.0,3056310069,3.0,no violations,no violations,no violations,no violations,no violations,0.0,0.0,0.0,0,0,0,1,1.0,0,Brooklyn
7010,8,24.0,76-14 174 STREET,A1,PATEL PRAFUL K & JYOTI  P,1.0,4070100008,4.0,no violations,no violations,no violations,no violations,no violations,0.0,0.0,0.0,0,0,1,0,0.0,0,Queens
7831,40,46.0,5106 AVENUE K,A2,"COMPAAN, JASON M",1.0,3078310040,3.0,no violations,no violations,no violations,no violations,no violations,0.0,0.0,0.0,0,0,1,0,0.0,0,Brooklyn
5042,6,40.0,647 FLATBUSH AVENUE,C1,"423 FLATBUSH, LLC",8.0,3050420006,3.0,20091231,LBLVIO,15436,V-DOB VIOLATION - ACTIVE,LBLVIO-LOW PRESSURE BOILER                                             BOILER  REQUIRED,94.0,1.0,94.0,1,1,1,0,52.0,1,Brooklyn
4250,60,50.0,139 RENO AVENUE,A2,JOHN SANJURJO,1.0,5042500060,5.0,no violations,no violations,no violations,no violations,no violations,0.0,0.0,0.0,0,0,1,0,0.0,0,Staten Island
7774,52,45.0,1274 EAST 49 STREET,A5,LOIS EMANUEL,1.0,3077740052,3.0,no violations,no violations,no violations,no violations,no violations,0.0,0.0,0.0,0,0,1,0,0.0,0,Brooklyn
5598,62,44.0,1235 43 STREET,C2,1235 EQUITIES LLC,6.0,3055980062,3.0,19940725,LL6291,01400,V-DOB VIOLATION - ACTIVE,LL6291-LOCAL LAW 62/91 - BOILERS                                       BOILER  REQUIRED,0.0,1.0,0.0,1,1,1,0,5.0,0,Brooklyn
1305,1,35.0,355 ROGERS AVENUE,C7,219 REALTY GROUP,25.0,3013050001,3.0,20030319,LL6291,14763,V-DOB VIOLATION - ACTIVE,LL6291-LOCAL LAW 62/91 - BOILERS                                       BOILER  REQUIRED,64.0,1.0,64.0,1,1,1,0,37.0,1,Brooklyn
5605,53,44.0,1369 44 STREET,C2,SPREI FAMILY TRUST,5.0,3056050053,3.0,20080103,LL6291,10108,V-DOB VIOLATION - ACTIVE,LL6291-LOCAL LAW 62/91 - BOILERS                                       BOILER  REQUIRED,5.0,1.0,5.0,1,1,1,0,7.5,1,Brooklyn
4180,22,37.0,420 LINCOLN AVENUE,V0,"MUNOZ, MARGARITA",0.0,3041800022,3.0,20130601,UB,3661/13,V-DOB VIOLATION - ACTIVE,UB-UNSAFE BUILDINGS                                                NONE,0.0,1.0,0.0,1,1,0,1,6.0,1,Brooklyn
5627,8,44.0,4705 11 AVENUE,B1,CYA REALTY ASSOCIATES LLC,2.0,3056270008,3.0,no violations,no violations,no violations,no violations,no violations,0.0,1.0,0.0,1,0,1,0,3.0,0,Brooklyn
8494,21,46.0,1715 EAST 54 STREET,A5,"RUBIN, JEFFREY",1.0,3084940021,3.0,no violations,no violations,no violations,no violations,no violations,0.0,0.0,0.0,0,0,1,0,0.0,0,Brooklyn
5392,71,39.0,499 EAST 8 STREET,D1,MRA PROPERTY CO,83.0,3053920071,3.0,19930816,LL6291,35894,V-DOB VIOLATION - ACTIVE,LL6291-LOCAL LAW 62/91 - BOILERS                                       BOILER  REQUIRED,28.0,0.0,28.0,0,1,1,0,16.0,1,Brooklyn
16037,8,31.0,418 BEACH 64 STREET,C0,"MCCALLUM-GEORGE, DIONNE",3.0,4160370008,4.0,no violations,no violations,no violations,no violations,no violations,0.0,0.0,0.0,0,0,1,0,0.0,0,Queens
2017,25,36.0,1156 FULTON STREET,S5,"FULTON FILMS, LLC",5.0,3020170025,3.0,20010227,LL6291,17178,V-DOB VIOLATION - ACTIVE,LL6291-LOCAL LAW 62/91 - BOILERS                                       BOILER  REQUIRED,3.0,1.0,3.0,1,1,0,0,6.5,1,Brooklyn
4131,60,50.0,PELICAN CIRCLE,V0,PELICAN CIRCLE HOMEOW,0.0,5041310060,5.0,no violations,no violations,no violations,no violations,no violations,0.0,0.0,0.0,0,0,0,1,1.0,0,Staten Island
1205,14,35.0,1142 PACIFIC STREET,I7,"PROMESA RESIDENTIAL HEALTH CARE FACILITY , INC.",80.0,3012050014,3.0,20161201,EVCAT1,05123,V-DOB VIOLATION - ACTIVE,EVCAT1-ELEVATOR ANNUAL INSPECTION / TEST                               ELEVATORREQUIRED,0.0,1.0,0.0,1,1,0,0,5.0,0,Brooklyn
1233,9,36.0,101 ROGERS AVENUE,C1,NASIR HOLDING GROUP 101 CORP.,13.0,3012330009,3.0,20210311,C,FEU30802IK,V-DOB VIOLATION - ACTIVE,C-CONSTRUCTION                                                    OTHER   OPTIONAL,40.0,1.0,40.0,1,1,1,0,25.0,1,Brooklyn
4649,63,41.0,289 EAST 94 STREET,C2,EAST FLATBUSH LLC,6.0,3046490063,3.0,19970210,LL6291,26600,V-DOB VIOLATION - ACTIVE,LL6291-LOCAL LAW 62/91 - BOILERS                                       BOILER  REQUIRED,20.0,1.0,20.0,1,1,1,0,15.0,1,Brooklyn
7599,33,45.0,1043 EAST 35 STREET,C0,ARTHUR CHIN,3.0,3075990033,3.0,no violations,no violations,no violations,no violations,no violations,0.0,0.0,0.0,0,0,1,0,0.0,0,Brooklyn
15817,74,31.0,177 BEACH 25 STREET,B9,177 BEACH 25TH STREET LLC,2.0,4158170074,4.0,20120605,UB,4092/12R,V-DOB VIOLATION - ACTIVE,UB-UNSAFE BUILDINGS                                                NONE,0.0,0.0,0.0,0,1,1,0,2.0,0,Queens
4682,30,41.0,136 EAST 57 STREET,C0,SARAH MALONEY,3.0,3046820030,3.0,no violations,no violations,no violations,no violations,no violations,0.0,0.0,0.0,0,0,1,0,0.0,0,Brooklyn
7812,24,45.0,1909 FLATBUSH AVENUE,K1,A.L.M. GALLO PROPERTIES LLC,0.0,3078120024,3.0,20151001,LBLVIO,06118,V-DOB VIOLATION - ACTIVE,LBLVIO-LOW PRESSURE BOILER                                             BOILER  REQUIRED,0.0,1.0,0.0,1,1,0,1,6.0,1,Brooklyn
7572,12,45.0,879 EAST 26 STREET,A1,"EVEN-HAR, JOSEPH",1.0,3075720012,3.0,no violations,no violations,no violations,no violations,no violations,0.0,0.0,0.0,0,0,1,0,0.0,0,Brooklyn
1942,23,36.0,518 DEKALB AVENUE,S2,SONIA M MACK,2.0,3019420023,3.0,20030319,LL6291,16720,V-DOB VIOLATION - ACTIVE,LL6291-LOCAL LAW 62/91 - BOILERS                                       BOILER  REQUIRED,0.0,0.0,0.0,0,1,0,0,2.0,0,Brooklyn
1999,37,36.0,1163 FULTON STREET,V1,SSA REO ASSETS 08 LLC,0.0,3019990037,3.0,20200117,LBLVIO,02403,V-DOB VIOLATION - ACTIVE,LBLVIO-LOW PRESSURE BOILER                                             BOILER  REQUIRED,1.0,1.0,1.0,1,1,0,1,6.5,1,Brooklyn
6943,6,24.0,170-14 69 AVENUE,A1,FABIAN MONTUFAR,1.0,4069430006,4.0,20080422,C,0802DB,V-DOB VIOLATION - ACTIVE,C-CONSTRUCTION                                                    OTHER   OPTIONAL,0.0,0.0,0.0,0,1,1,0,2.0,0,Queens
7921,20,23.0,80-30 236 STREET,B3,"XIONG, XU",2.0,4079210020,4.0,no violations,no violations,no violations,no violations,no violations,0.0,0.0,0.0,0,0,1,0,0.0,0,Queens
5183,20,20.0,143-30 SANFORD AVENUE,D1,143-30 SANFORD AVE LLC,80.0,4051830020,4.0,20160224,AEUHAZ1,00329,V-DOB VIOLATION - ACTIVE,AEUHAZ1-FAIL TO CERTIFY CLASS 1                                         NONE,142.0,0.0,142.0,0,1,1,0,73.0,1,Queens
7630,41,45.0,3000 AVENUE K,K4,3000 AVENUE K,3.0,3076300041,3.0,20240923,LBLVIO,12956,V-DOB VIOLATION - ACTIVE,LBLVIO-LOW PRESSURE BOILER                                             BOILER  REQUIRED,1.0,0.0,1.0,0,1,0,0,2.5,0,Brooklyn
7826,6,45.0,4609 AVENUE L,B3,"GAY, TRUSTEE, MARGARET M",2.0,3078260006,3.0,no violations,no violations,no violations,no violations,no violations,0.0,0.0,0.0,0,0,1,0,0.0,0,Brooklyn
5033,18,40.0,250 MAPLE STREET,C1,CADORE ESTATE INC,26.0,3050330018,3.0,20230630,LBLVIO,42801,V-DOB VIOLATION - ACTIVE,LBLVIO-LOW PRESSURE BOILER                                             BOILER  REQUIRED,3.0,1.0,3.0,1,1,1,0,6.5,1,Brooklyn
4281,43,42.0,612 PINE STREET,B2,"HOSSAIN, MD MOZZAMEL",2.0,3042810043,3.0,no violations,no violations,no violations,no violations,no violations,0.0,0.0,0.0,0,0,1,0,0.0,0,Brooklyn
5609,23,44.0,1138 44 STREET,B1,1138 44 LLC,2.0,3056090023,3.0,no violations,no violations,no violations,no violations,no violations,0.0,1.0,0.0,1,0,1,0,3.0,0,Brooklyn
6722,27,20.0,57-44 156 STREET,A5,"SU, AN",1.0,4067220027,4.0,no violations,no violations,no violations,no violations,no violations,0.0,0.0,0.0,0,0,1,0,0.0,0,Queens
1142,16,35.0,972 DEAN STREET,F5,"9K GROUP, LLC",0.0,3011420016,3.0,20140331,EVCAT1,04859,V-DOB VIOLATION - ACTIVE,EVCAT1-ELEVATOR ANNUAL INSPECTION / TEST                               ELEVATORREQUIRED,0.0,1.0,0.0,1,1,0,1,6.0,1,Brooklyn
1793,100,36.0,413 GREENE AVENUE,C3,461 ESSEX GROUP LLC,4.0,3017930100,3.0,20180822,AEUHAZ1,00210,V-DOB VIOLATION - ACTIVE,AEUHAZ1-FAIL TO CERTIFY CLASS 1                                         NONE,5.0,1.0,5.0,1,1,1,0,7.5,1,Brooklyn
4734,59,45.0,571 EAST 49 STREET,A1,ERIC FRASER,1.0,3047340059,3.0,no violations,no violations,no violations,no violations,no violations,0.0,0.0,0.0,0,0,1,0,0.0,0,Brooklyn
534,40,49.0,15 VANDERBILT AVENUE,V0,THE SALVATION ARMY,0.0,5005340040,5.0,no violations,no violations,no violations,no violations,no violations,0.0,0.0,0.0,0,0,0,1,1.0,0,Staten Island
5314,33,39.0,61 CHURCH AVENUE,K4,COMPANIGANJ WELFAREASSOCIATION INC,0.0,3053140033,3.0,20230620,LBLVIO,28824,V-DOB VIOLATION - ACTIVE,LBLVIO-LOW PRESSURE BOILER                                             BOILER  REQUIRED,0.0,1.0,0.0,1,1,0,1,6.0,1,Brooklyn
4637,33,41.0,723 UTICA AVENUE,G9,"FORRESTER, JOHNATHON",0.0,3046370033,3.0,no violations,no violations,no violations,no violations,no violations,0.0,1.0,0.0,1,0,0,1,4.0,0,Brooklyn
1928,17,33.0,209 SKILLMAN STREET,C0,"ARROYO, DORA BELIZE",3.0,3019280017,3.0,no violations,no violations,no violations,no violations,no violations,1.0,0.0,1.0,0,0,1,0,0.5,0,Brooklyn
1296,50,35.0,954 NOSTRAND AVENUE,S2,954 NOSTRAND LLC,2.0,3012960050,3.0,20230620,LBLVIO,44076,V-DOB VIOLATION - ACTIVE,LBLVIO-LOW PRESSURE BOILER                                             BOILER  REQUIRED,0.0,0.0,0.0,0,1,0,0,2.0,0,Brooklyn
5047,60,40.0,261 WINTHROP STREET,B3,WILLIAM STEWART,2.0,3050470060,3.0,no violations,no violations,no violations,no violations,no violations,0.0,1.0,0.0,1,0,1,0,3.0,0,Brooklyn
3866,116,42.0,661 SNEDIKER AVENUE,A5,"KING, THEODOCIA M",1.0,3038660116,3.0,no violations,no violations,no violations,no violations,no violations,0.0,0.0,0.0,0,0,1,0,0.0,0,Brooklyn
16133,13,32.0,1-88 BEACH 91 STREET,C5,QUEENS BEACH 91 LLC,16.0,4161330013,4.0,20230630,LBLVIO,36979,V-DOB VIOLATION - ACTIVE,LBLVIO-LOW PRESSURE BOILER                                             BOILER  REQUIRED,0.0,1.0,0.0,1,1,1,0,5.0,0,Queens
1777,58,21.0,37-17 108 STREET,C7,CORONA 108 REALTY LLC,7.0,4017770058,4.0,20190529,AEUHAZ1,00685,V-DOB VIOLATION - ACTIVE,AEUHAZ1-FAIL TO CERTIFY CLASS 1                                         NONE,18.0,1.0,18.0,1,1,1,0,14.0,1,Queens
2974,41,49.0,236B ST MARYS AVENUE,G0,"DEMEESTER, MICHAEL",1.0,5029740041,5.0,no violations,no violations,no violations,no violations,no violations,0.0,1.0,0.0,1,0,0,0,3.0,0,Staten Island
2851,14,49.0,136 CLIFTON AVENUE,A2,ISRAEL ACOSTA,1.0,5028510014,5.0,no violations,no violations,no violations,no violations,no violations,0.0,0.0,0.0,0,0,1,0,0.0,0,Staten Island
5620,7501,38.0,1038 46 STREET,R1,UNAVAILABLE OWNER,4.0,3056207501,3.0,no violations,no violations,no violations,no violations,no violations,0.0,0.0,0.0,0,0,0,0,0.0,0,Brooklyn
5589,40,39.0,4000 13 AVENUE,K1,4018 REALTY LLC,0.0,3055890040,3.0,no violations,no violations,no violations,no violations,no violations,0.0,1.0,0.0,1,0,0,1,4.0,0,Brooklyn
1288,26,35.0,1080 CARROLL STREET,B1,THERON S GRANT,2.0,3012880026,3.0,no violations,no violations,no violations,no violations,no violations,0.0,0.0,0.0,0,0,1,0,0.0,0,Brooklyn
7754,89,23.0,217-09 77 AVENUE,A1,"LIU, CHENG",1.0,4077540089,4.0,no violations,no violations,no violations,no violations,no violations,0.0,0.0,0.0,0,0,1,0,0.0,0,Queens
5162,65,40.0,323 EAST 19 STREET,D3,DITMAS PARK LOFTS LLC,38.0,3051620065,3.0,20240222,FISPNRF,01214,V-DOB VIOLATION - ACTIVE,FISPNRF-NO REPORT AND / OR LATE FILING (FACADE)                         FACADE  REQUIRED,3.0,0.0,3.0,0,1,1,0,3.5,0,Brooklyn
4679,37,41.0,5303 CHURCH AVENUE,S1,TROY BINNS,1.0,3046790037,3.0,20000207,LL6291,21129,V-DOB VIOLATION - ACTIVE,LL6291-LOCAL LAW 62/91 - BOILERS                                       BOILER  REQUIRED,0.0,0.0,0.0,0,1,0,0,2.0,0,Brooklyn
2017,25,36.0,1156 FULTON STREET,S5,"FULTON FILMS, LLC",5.0,3020170025,3.0,19970210,LL6291,22502,V-DOB VIOLATION - ACTIVE,LL6291-LOCAL LAW 62/91 - BOILERS                                       BOILER  REQUIRED,3.0,1.0,3.0,1,1,0,0,6.5,1,Brooklyn
4703,2,45.0,5504 CHURCH AVENUE,S2,ROWL DELORES,2.0,3047030002,3.0,20240923,LBLVIO,11167,V-DOB VIOLATION - ACTIVE,LBLVIO-LOW PRESSURE BOILER                                             BOILER  REQUIRED,0.0,1.0,0.0,1,1,0,0,5.0,0,Brooklyn
1240,38,36.0,750 NOSTRAND AVENUE,J9,750 REALTY HOLDINGS LLC,0.0,3012400038,3.0,20111213,EVCAT1,02772,V-DOB VIOLATION - ACTIVE,EVCAT1-ELEVATOR ANNUAL INSPECTION / TEST                               ELEVATORREQUIRED,0.0,1.0,0.0,1,1,0,1,6.0,1,Brooklyn
5608,31,38.0,4414 FT HAMILTON PARKWAY,S1,"ENGELBERG, DAVID",1.0,3056080031,3.0,20040213,LL6291,12523,V-DOB VIOLATION - ACTIVE,LL6291-LOCAL LAW 62/91 - BOILERS                                       BOILER  REQUIRED,0.0,1.0,0.0,1,1,0,0,5.0,0,Brooklyn
1268,32,35.0,520 EASTERN PARKWAY,C0,"SEALE, WINSLOW R JR",3.0,3012680032,3.0,20230620,LBLVIO,16810,V-DOB VIOLATION - ACTIVE,LBLVIO-LOW PRESSURE BOILER                                             BOILER  REQUIRED,0.0,1.0,0.0,1,1,1,0,5.0,0,Brooklyn
7192,46,24.0,179-01 UNION TURNPIKE,K1,"69-75 DAGGET STREET, LLC",0.0,4071920046,4.0,19930628,LL6291,09969,V-DOB VIOLATION - ACTIVE,LL6291-LOCAL LAW 62/91 - BOILERS                                       BOILER  REQUIRED,0.0,0.0,0.0,0,1,0,1,3.0,0,Queens
512,60,49.0,82 SANDS STREET,B2,"ADUTWUM, YVETTE",2.0,5005120060,5.0,no violations,no violations,no violations,no violations,no violations,2.0,0.0,2.0,0,0,1,0,1.0,0,Staten Island
1178,39,35.0,616 ST JOHNS PLACE,C0,"SKOLER, JOSEPH R",3.0,3011780039,3.0,19930601,LL6291,06148,V-DOB VIOLATION - ACTIVE,LL6291-LOCAL LAW 62/91 - BOILERS                                       BOILER  REQUIRED,0.0,0.0,0.0,0,1,1,0,2.0,0,Brooklyn
16083,1,31.0,357 BEACH 70 STREET,S9,226-17 REALTY INC.,4.0,4160830001,4.0,20170224,LBLVIO,12892,V-DOB VIOLATION - ACTIVE,LBLVIO-LOW PRESSURE BOILER                                             BOILER  REQUIRED,30.0,1.0,30.0,1,1,0,0,20.0,1,Queens
4638,23,41.0,829 LENOX ROAD,C2,BH LENOX LLC,6.0,3046380023,3.0,20091231,LBLVIO,15037,V-DOB VIOLATION - ACTIVE,LBLVIO-LOW PRESSURE BOILER                                             BOILER  REQUIRED,20.0,0.0,20.0,0,1,1,0,12.0,1,Brooklyn
5345,19,13.0,3200 WATERBURY AVENUE,A2,MARILYN TERRERO IRREVOCABLE TRUST,1.0,2053450019,2.0,no violations,no violations,no violations,no violations,no violations,0.0,0.0,0.0,0,0,1,0,0.0,0,Bronx
4649,66,41.0,279 EAST 94 STREET,C2,279 EAST 94 REALTY LLC,6.0,3046490066,3.0,19970916,LL6291,234967,V-DOB VIOLATION - ACTIVE,LL6291-LOCAL LAW 62/91 - BOILERS                                       BOILER  REQUIRED,17.0,1.0,17.0,1,1,1,0,13.5,1,Brooklyn
2017,25,36.0,1156 FULTON STREET,S5,"FULTON FILMS, LLC",5.0,3020170025,3.0,20151001,LBLVIO,06476,V-DOB VIOLATION - ACTIVE,LBLVIO-LOW PRESSURE BOILER                                             BOILER  REQUIRED,3.0,1.0,3.0,1,1,0,0,6.5,1,Brooklyn
2862,94,49.0,1310 BAY STREET,B3,"1310 BAY STREET, LLC",2.0,5028620094,5.0,20140204,C,VACP#5/2014,V-DOB VIOLATION - ACTIVE,C-CONSTRUCTION                                                    OTHER   OPTIONAL,0.0,1.0,0.0,1,1,1,0,5.0,0,Staten Island
4680,7,41.0,858 LINDEN BOULEVARD,C0,"ZARGAROV, YEHOUDA",3.0,3046800007,3.0,no violations,no violations,no violations,no violations,no violations,0.0,1.0,0.0,1,0,1,0,3.0,0,Brooklyn
5135,7501,20.0,136-24 MAPLE COURT,RM,WISTERIA GRDNS CONDO,48.0,4051357501,4.0,20121113,E,452939/9027,V-DOB VIOLATION - ACTIVE,E-ELEVATOR                                                        ELEVATORREQUIRED,1.0,0.0,1.0,0,1,0,0,2.5,0,Queens
5219,4,45.0,1908 NEWKIRK AVENUE,C1,"NEWKIRK NOSTRAND EAST SPE OWNER, LLC",22.0,3052190004,3.0,20230802,BENCH,00510,V-DOB VIOLATION - ACTIVE,BENCH-FAILURE TO BENCHMARK                                            NONE,44.0,1.0,44.0,1,1,1,0,27.0,1,Brooklyn
2839,113,49.0,854 BAY STREET,S2,"MASOUD, AMAL",2.0,5028390113,5.0,no violations,no violations,no violations,no violations,no violations,2.0,1.0,2.0,1,0,0,0,4.0,0,Staten Island
1240,38,36.0,750 NOSTRAND AVENUE,J9,750 REALTY HOLDINGS LLC,0.0,3012400038,3.0,19960308,LL1081,02216,V-DOB VIOLATION - ACTIVE,LL1081-LOCAL LAW 10/81 - ELEVATOR                                      ELEVATOROPTIONAL,0.0,1.0,0.0,1,1,0,1,6.0,1,Brooklyn
8198,174,19.0,244-26 RUSHMORE AVENUE,A1,SUSAN DEEDY AS TRUSTEE OF THE,1.0,4081980174,4.0,no violations,no violations,no violations,no violations,no violations,0.0,0.0,0.0,0,0,1,0,0.0,0,Queens
802,10,50.0,91 BRIELLE AVENUE,B2,CULOTTA JOHN,2.0,5008020010,5.0,20110209,AEUHAZ1,00682,V-DOB VIOLATION - ACTIVE,AEUHAZ1-FAIL TO CERTIFY CLASS 1                                         NONE,0.0,1.0,0.0,1,1,1,0,5.0,0,Staten Island
1247,1,35.0,159 ROGERS AVENUE,S9,OLUFEMI FALADE,6.0,3012470001,3.0,20230620,LBLVIO,34437,V-DOB VIOLATION - ACTIVE,LBLVIO-LOW PRESSURE BOILER                                             BOILER  REQUIRED,13.0,1.0,13.0,1,1,0,0,11.5,1,Brooklyn
1802,33,36.0,230 LEXINGTON AVENUE,B3,"JAMES, DOROTHY",2.0,3018020033,3.0,no violations,no violations,no violations,no violations,no violations,0.0,0.0,0.0,0,0,1,0,0.0,0,Brooklyn
5019,4,20.0,40-23 MAIN STREET,K2,"ARAJON REALTY, INC",0.0,4050190004,4.0,no violations,no violations,no violations,no violations,no violations,0.0,0.0,0.0,0,0,0,1,1.0,0,Queens
1928,7504,33.0,203 SKILLMAN STREET,RM,UNAVAILABLE OWNER,23.0,3019287504,3.0,20230802,BENCH,00426,V-DOB VIOLATION - ACTIVE,BENCH-FAILURE TO BENCHMARK                                            NONE,0.0,0.0,0.0,0,1,0,0,2.0,0,Brooklyn
7610,70,45.0,1064 EAST 29 STREET,A1,"ABAYEV, ROMAN",1.0,3076100070,3.0,no violations,no violations,no violations,no violations,no violations,0.0,0.0,0.0,0,0,1,0,0.0,0,Brooklyn
4712,58,42.0,574 EAST 92 STREET,B1,"JOHNSON, MINEL",2.0,3047120058,3.0,no violations,no violations,no violations,no violations,no violations,0.0,0.0,0.0,0,0,1,0,0.0,0,Brooklyn
8706,50,48.0,3119 CONEY ISLAND AVENUE,S3,"BRIGHTON SPORTS, LLC",3.0,3087060050,3.0,20150303,LBLVIO,08853,V-DOB VIOLATION - ACTIVE,LBLVIO-LOW PRESSURE BOILER                                             BOILER  REQUIRED,5.0,1.0,5.0,1,1,0,0,7.5,1,Brooklyn
5590,21,38.0,930 41 STREET,B1,"CHEN , KE JIAN",2.0,3055900021,3.0,no violations,no violations,no violations,no violations,no violations,0.0,0.0,0.0,0,0,1,0,0.0,0,Brooklyn
1832,21,36.0,130 JEFFERSON AVENUE,C1,"MEADOWLAND GROUP, INC.",8.0,3018320021,3.0,20150303,LBLVIO,10775,V-DOB VIOLATION - ACTIVE,LBLVIO-LOW PRESSURE BOILER                                             BOILER  REQUIRED,7.0,1.0,7.0,1,1,1,0,8.5,1,Brooklyn
4677,49,41.0,375 EAST 51 STREET,A5,"LIDDELL, EVETTE",1.0,3046770049,3.0,20210929,AEUHAZ1,00353,V-DOB VIOLATION - ACTIVE,AEUHAZ1-FAIL TO CERTIFY CLASS 1                                         NONE,0.0,0.0,0.0,0,1,1,0,2.0,0,Brooklyn
511,3,49.0,514 BAY STREET,P2,TOMPKINS LODGE NO. 471 FREE & ACCEPTED M ASONS,0.0,5005110003,5.0,20070119,LL6291,26740,V-DOB VIOLATION - ACTIVE,LL6291-LOCAL LAW 62/91 - BOILERS                                       BOILER  REQUIRED,0.0,0.0,0.0,0,1,0,1,3.0,0,Staten Island
1776,56,21.0,104-33 ROOSEVELT AVENUE,V1,"MARRERO, IVELISSE",0.0,4017760056,4.0,20120725,AEUHAZ1,00211,V-DOB VIOLATION - ACTIVE,AEUHAZ1-FAIL TO CERTIFY CLASS 1                                         NONE,0.0,1.0,0.0,1,1,0,1,6.0,1,Queens
2977,33,49.0,305 HYLAN BOULEVARD,B2,"TAPIA, JOSE",2.0,5029770033,5.0,no violations,no violations,no violations,no violations,no violations,0.0,0.0,0.0,0,0,1,0,0.0,0,Staten Island
4679,30,41.0,5319 CHURCH AVENUE,S2,SROUGO REALTY LLC,2.0,3046790030,3.0,20230630,LBLVIO,22544,V-DOB VIOLATION - ACTIVE,LBLVIO-LOW PRESSURE BOILER                                             BOILER  REQUIRED,0.0,0.0,0.0,0,1,0,0,2.0,0,Brooklyn
1995,6,36.0,102 PUTNAM AVENUE,W2,ROMAN CATHOLIC CHURCH,0.0,3019950006,3.0,20210802,BENCH,00671,V-DOB VIOLATION - ACTIVE,BENCH-FAILURE TO BENCHMARK                                            NONE,0.0,0.0,0.0,0,1,0,1,3.0,0,Brooklyn
5590,49,38.0,4122 10 AVENUE,C7,10 AVE REALTY LLC,12.0,3055900049,3.0,20090101,LL6291,11234,V-DOB VIOLATION - ACTIVE,LL6291-LOCAL LAW 62/91 - BOILERS                                       BOILER  REQUIRED,17.0,0.0,17.0,0,1,1,0,10.5,1,Brooklyn
5173,104,20.0,146-45 56 ROAD,A5,THE LANGE FAMILY REVOCABLE TRUST,1.0,4051730104,4.0,no violations,no violations,no violations,no violations,no violations,0.0,0.0,0.0,0,0,1,0,0.0,0,Queens
1928,7504,33.0,203 SKILLMAN STREET,RM,UNAVAILABLE OWNER,23.0,3019287504,3.0,20240222,BENCH,00250,V-DOB VIOLATION - ACTIVE,BENCH-FAILURE TO BENCHMARK                                            NONE,0.0,0.0,0.0,0,1,0,0,2.0,0,Brooklyn
16038,18,31.0,4-32 BEACH 65 STREET,B1,"BAIDOO, SOPHIA",2.0,4160380018,4.0,no violations,no violations,no violations,no violations,no violations,0.0,1.0,0.0,1,0,1,0,3.0,0,Queens
4246,20,50.0,342 BEACH AVENUE,A2,"RIVAS-CAESAR, AMANDA",1.0,5042460020,5.0,no violations,no violations,no violations,no violations,no violations,0.0,0.0,0.0,0,0,1,0,0.0,0,Staten Island
7808,22,45.0,1839 FLATBUSH AVENUE,S2,"LARRY ZAWADZKI, LLC.",2.0,3078080022,3.0,20230630,LBLVIO,09847,V-DOB VIOLATION - ACTIVE,LBLVIO-LOW PRESSURE BOILER                                             BOILER  REQUIRED,0.0,0.0,0.0,0,1,0,0,2.0,0,Brooklyn
513,5,49.0,560 BAY STREET,K4,"STATEN ISLAND BEACH, LLC",0.0,5005130005,5.0,20190502,BENCH,03702,V-DOB VIOLATION - ACTIVE,BENCH-FAILURE TO BENCHMARK                                            NONE,0.0,1.0,0.0,1,1,0,1,6.0,1,Staten Island
5407,20,20.0,149-36 BEECH AVENUE,B3,"ZHANG, TENG",2.0,4054070020,4.0,no violations,no violations,no violations,no violations,no violations,0.0,0.0,0.0,0,0,1,0,0.0,0,Queens
5607,15,38.0,922 44 STREET,C3,ER LIANG LIN,4.0,3056070015,3.0,20010825,C,12CF05,V-DOB VIOLATION - ACTIVE,C-CONSTRUCTION                                                    OTHER   OPTIONAL,3.0,1.0,3.0,1,1,1,0,6.5,1,Brooklyn
7856,67,46.0,1254 EAST 59 STREET,A1,SEMEXANT CLAUDE,1.0,3078560067,3.0,no violations,no violations,no violations,no violations,no violations,0.0,0.0,0.0,0,0,1,0,0.0,0,Brooklyn
4621,15,41.0,132 EAST 52 STREET,C2,"PERSAUD, RAMESH",6.0,3046210015,3.0,19950829,LL6291,25576,V-DOB VIOLATION - ACTIVE,LL6291-LOCAL LAW 62/91 - BOILERS                                       BOILER  REQUIRED,3.0,1.0,3.0,1,1,1,0,6.5,1,Brooklyn
4759,35,45.0,4821 CLARENDON ROAD,B1,"RAHMAN, MAHMUDUR",2.0,3047590035,3.0,no violations,no violations,no violations,no violations,no violations,0.0,0.0,0.0,0,0,1,0,0.0,0,Brooklyn
8252,37,19.0,52-30 LITTLE NECK PARKWAY,A3,WENWEI HE,1.0,4082520037,4.0,no violations,no violations,no violations,no violations,no violations,0.0,0.0,0.0,0,0,1,0,0.0,0,Queens
1928,7504,33.0,203 SKILLMAN STREET,RM,UNAVAILABLE OWNER,23.0,3019287504,3.0,20220202,BENCH,00687,V-DOB VIOLATION - ACTIVE,BENCH-FAILURE TO BENCHMARK                                            NONE,0.0,0.0,0.0,0,1,0,0,2.0,0,Brooklyn
